,Title,Published_date,Views,Likes,Dislikes,Comments,post_type,Month,date,day_name
0,Encouraging more women into the STEM related careers with Taruna Naidoo | PwC,2022-04-01T09:33:23Z,697,8,8,0,youtube#video,Apr,2022-04-01 09:33:23+00:00,Friday
1,Encouraging more women into the STEM related careers with Liesbeth Botha | PwC,2022-04-01T09:32:45Z,150,2,2,0,youtube#video,Apr,2022-04-01 09:32:45+00:00,Friday
2,Reintroducing the React Nanodegree Program from Udacity,2022-04-01T07:32:59Z,1361,35,35,0,youtube#video,Apr,2022-04-01 07:32:59+00:00,Friday
3,Playbook For Implementing A Successful Talent Transformation Strategy,2022-02-24T10:22:12Z,1708,24,24,0,youtube#video,Feb,2022-02-24 10:22:12+00:00,Thursday
4,Total Economic Impact™ of Udacity for the Oil & Gas Industry,2022-01-27T16:14:58Z,1840,21,21,0,youtube#video,Jan,2022-01-27 16:14:58+00:00,Thursday
5,Women Who Future | Student Spotlight,2021-12-23T22:51:10Z,1273,19,19,0,youtube#video,Dec,2021-12-23 22:51:10+00:00,Thursday
6,How governments can drive change to close the STEM gap | Intl. Women in STEM Virtual Conference,2021-12-22T20:09:01Z,537,2,2,0,youtube#video,Dec,2021-12-22 20:09:01+00:00,Wednesday
7,Sheree Atcheson Keynote Speech | Intl. Women in STEM Virtual Conference,2021-12-22T19:58:19Z,250,1,1,0,youtube#video,Dec,2021-12-22 19:58:19+00:00,Wednesday
8,Building a More Inclusive Strategy to Close the STEM Gap | Intl. Women in STEM Virtual Conference,2021-12-22T19:29:58Z,430,9,9,0,youtube#video,Dec,2021-12-22 19:29:58+00:00,Wednesday
9,Clearing the Hurdles to Success in your STEM Career | Intl. Women in STEM Virtual Conference,2021-12-22T19:06:12Z,324,10,10,0,youtube#video,Dec,2021-12-22 19:06:12+00:00,Wednesday
10,Dr. Anne-Marie Imafidon Keynote Speech | Intl. Women In STEM Virtual Conference,2021-12-22T18:34:56Z,384,8,8,0,youtube#video,Dec,2021-12-22 18:34:56+00:00,Wednesday
11,Introducing Udacity's Site Reliability Engineer Nanodegree Program,2021-12-17T09:26:17Z,1777,39,39,0,youtube#video,Dec,2021-12-17 09:26:17+00:00,Friday
12,Fighting the Great Attrition with radical talent transformation | Udacity & Infosys,2021-12-15T16:44:33Z,1069,15,15,0,youtube#video,Dec,2021-12-15 16:44:33+00:00,Wednesday
13,Welcome to the Udacity Support Community,2021-12-03T20:19:03Z,925,23,23,0,youtube#video,Dec,2021-12-03 20:19:03+00:00,Friday
14,Introducing the AI Engineer using Microsoft Azure Nanodegree Program,2021-11-30T16:19:13Z,1577,42,42,1,youtube#video,Nov,2021-11-30 16:19:13+00:00,Tuesday
15,Introducing the new Privacy Engineer Nanodegree Program,2021-11-19T11:35:54Z,1581,39,39,1,youtube#video,Nov,2021-11-19 11:35:54+00:00,Friday
16,Rethinking Cybersecurity in Today's Digital Age,2021-11-18T09:49:36Z,844,12,12,0,youtube#video,Nov,2021-11-18 09:49:36+00:00,Thursday
17,Playbook for Adopting an Automation-First Mindset,2021-10-29T13:44:17Z,1872,23,23,0,youtube#video,Oct,2021-10-29 13:44:17+00:00,Friday
18,Meeting the Moment: Building an Equitable Future in STEM,2021-10-29T13:42:23Z,673,,,0,youtube#video,Oct,2021-10-29 13:42:23+00:00,Friday
19,Introducing the new AWS Machine Learning Engineer Nanodegree Program,2021-10-25T15:59:37Z,2609,51,51,0,youtube#video,Oct,2021-10-25 15:59:37+00:00,Monday
20,Introducing the Cloud Architect using Microsoft Azure Nanodegree Program,2021-10-20T17:26:39Z,1291,31,31,3,youtube#video,Oct,2021-10-20 17:26:39+00:00,Wednesday
21,Introducing Udacity's Growth Product Manager Nanodegree Program,2021-10-05T18:15:31Z,1560,28,28,0,youtube#video,Oct,2021-10-05 18:15:31+00:00,Tuesday
22,Introducing the Enterprise Security Nanodegree Program,2021-09-30T17:56:59Z,1881,43,43,0,youtube#video,Sep,2021-09-30 17:56:59+00:00,Thursday
23,Introducing the Digital Freelancing Nanodegree Program,2021-09-28T16:42:14Z,2713,97,97,3,youtube#video,Sep,2021-09-28 16:42:14+00:00,Tuesday
24,How to Build an Inclusive Culture in Tech | Women in STEM Virtual Conference,2021-09-24T22:54:19Z,793,18,18,0,youtube#video,Sep,2021-09-24 22:54:19+00:00,Friday
25,Clearing the Hurdles to Success in Your STEM Career | Women in STEM Virtual Conference,2021-09-24T22:53:05Z,691,9,9,0,youtube#video,Sep,2021-09-24 22:53:05+00:00,Friday
26,Ellen Pao Keynote Speech | Women in STEM Virtual Conference,2021-09-24T22:52:01Z,479,7,7,0,youtube#video,Sep,2021-09-24 22:52:01+00:00,Friday
27,Kimberly Bryant Keynote Speech | Women In STEM Virtual Conference,2021-09-24T16:56:10Z,891,7,7,0,youtube#video,Sep,2021-09-24 16:56:10+00:00,Friday
28,Udacity's Security Architect Nanodegree Program,2021-09-24T00:16:56Z,1391,35,35,0,youtube#video,Sep,2021-09-24 00:16:56+00:00,Friday
29,Women Who Future | Sonja Galkin,2021-09-23T19:37:46Z,533,5,5,2,youtube#video,Sep,2021-09-23 19:37:46+00:00,Thursday
30,Women Who Future | Shifat Nazmee,2021-09-23T19:36:41Z,379,4,4,0,youtube#video,Sep,2021-09-23 19:36:41+00:00,Thursday
31,Women Who Future | Nermine Ghazy,2021-09-23T19:35:52Z,702,19,19,3,youtube#video,Sep,2021-09-23 19:35:52+00:00,Thursday
32,Udacity & IDC on Telcom Industry,2021-09-08T09:18:59Z,2087,39,39,0,youtube#video,Sep,2021-09-08 09:18:59+00:00,Wednesday
33,Udacity & IDC on Professional Services Industry,2021-09-08T09:14:52Z,522,3,3,0,youtube#video,Sep,2021-09-08 09:14:52+00:00,Wednesday
34,Udacity & IDC on Financial Services Industry,2021-09-08T09:10:10Z,617,8,8,0,youtube#video,Sep,2021-09-08 09:10:10+00:00,Wednesday
35,How to Make a Python Program Wait,2021-09-01T06:35:58Z,7740,139,139,0,youtube#video,Sep,2021-09-01 06:35:58+00:00,Wednesday
36,"Student Story: Nikitha Gullapalli’s Journey of Self-Discovery—Baking, Gaming and Android Development",2021-08-27T11:21:53Z,3954,95,95,0,youtube#video,Aug,2021-08-27 11:21:53+00:00,Friday
37,Top Programming Languages to Learn Today,2021-08-25T06:20:38Z,10503,241,241,10,youtube#video,Aug,2021-08-25 06:20:38+00:00,Wednesday
38,Student Story: Gabriella Opens the Door for a Tech Career After High School with Udacity,2021-08-18T08:16:40Z,1160,30,30,0,youtube#video,Aug,2021-08-18 08:16:40+00:00,Wednesday
39,How To Write Your First Python Application,2021-08-16T20:27:40Z,2047,71,71,0,youtube#video,Aug,2021-08-16 20:27:40+00:00,Monday
40,Student Story - Soria’s Journey from Finance in Afghanistan to React Development in Germany,2021-07-29T22:01:01Z,1764,49,49,0,youtube#video,Jul,2021-07-29 22:01:01+00:00,Thursday
41,"Student Story: Benjamin Stanley, The Official Pied-Piper of Udacity",2021-07-29T22:00:58Z,471,16,16,0,youtube#video,Jul,2021-07-29 22:00:58+00:00,Thursday
42,Meet Some of Pledge to Equality Scholarship Grads,2021-07-19T14:57:51Z,802,26,26,0,youtube#video,Jul,2021-07-19 14:57:51+00:00,Monday
43,Introducing the new and improved Self-Driving Car Engineer Nanodegree Program!,2021-07-15T18:38:34Z,5269,133,133,0,youtube#video,Jul,2021-07-15 18:38:34+00:00,Thursday
44,Student Story: Arpita’s Journey From a Small Town in India to An Internship at Microsoft,2021-06-30T10:57:25Z,5287,273,273,30,youtube#video,Jun,2021-06-30 10:57:25+00:00,Wednesday
45,Introducing the Machine Learning DevOps Engineer Nanodegree program!,2021-06-29T20:08:26Z,4602,123,123,0,youtube#video,Jun,2021-06-29 20:08:26+00:00,Tuesday
46,Program Orientation - AWS Machine Learning Engineer Scholarship Program,2021-06-29T18:09:57Z,40339,1600,1600,0,youtube#video,Jun,2021-06-29 18:09:57+00:00,Tuesday
47,Popular Python AI libraries,2021-06-23T06:12:07Z,2951,110,110,0,youtube#video,Jun,2021-06-23 06:12:07+00:00,Wednesday
48,Kalyan Prasad: A Newspaper Vendor Turned Data Scientist and Cloud Enthusiast,2021-06-23T06:04:58Z,1581,48,48,3,youtube#video,Jun,2021-06-23 06:04:58+00:00,Wednesday
49,"After Losing His Job to COVID-19, Chiazam Ochiegbu Becomes a Data Analyst | Student Story",2021-06-15T12:20:26Z,1909,53,53,0,youtube#video,Jun,2021-06-15 12:20:26+00:00,Tuesday
50,Best C++ IDEs,2021-06-09T05:33:02Z,25460,261,261,0,youtube#video,Jun,2021-06-09 05:33:02+00:00,Wednesday
51,Mentor Summit 2021 - Highlights,2021-06-07T07:43:14Z,801,12,12,0,youtube#video,Jun,2021-06-07 07:43:14+00:00,Monday
52,Srijita Gosh: The Future is Digital Challenge Graduate,2021-06-04T01:28:01Z,950,18,18,0,youtube#video,Jun,2021-06-04 01:28:01+00:00,Friday
53,“I wanted to be a successful mother and a career woman” - Rehab Emam | Student Story,2021-06-01T05:48:54Z,969,44,44,0,youtube#video,Jun,2021-06-01 05:48:54+00:00,Tuesday
54,Pytorch vs. TensorFlow: What You Need to Know,2021-05-31T11:42:01Z,5421,112,112,0,youtube#video,May,2021-05-31 11:42:01+00:00,Monday
55,"Udacity Learning Lab: Udacity Grad and Ph.D. Candidate, Rubenia Borge",2021-05-20T03:01:01Z,1074,27,27,0,youtube#video,May,2021-05-20 03:01:01+00:00,Thursday
56,Udacity Learning Lab Podcast: Driving Diversity with the Blacks in Technology Foundation,2021-05-20T02:52:27Z,477,,,0,youtube#video,May,2021-05-20 02:52:27+00:00,Thursday
57,Typhaney Bennett: An Administrative Assistant Turns Over a New Leaf in Web Development,2021-05-10T23:25:34Z,874,26,26,0,youtube#video,May,2021-05-10 23:25:34+00:00,Monday
58,Udacity for Enterprise - Transform the workforce you have into the workforce you need,2021-05-07T09:03:59Z,1560,22,22,,youtube#video,May,2021-05-07 09:03:59+00:00,Friday
59,Introducing Udacity's Cloud Native Application Architecture Nanodegree Program!,2021-05-04T18:40:26Z,1616,35,35,7,youtube#video,May,2021-05-04 18:40:26+00:00,Tuesday
60,#AskUdacityAnything - How to Start a Career in Cybersecurity,2021-04-28T17:25:55Z,1007,24,24,0,youtube#video,Apr,2021-04-28 17:25:55+00:00,Wednesday
61,#AskUdacityAnything - Challenges Faced by Organizations While Implementing Cybersecurity,2021-04-28T17:22:28Z,436,9,9,0,youtube#video,Apr,2021-04-28 17:22:28+00:00,Wednesday
62,#AskUdacityAnything - How can people learn about cybersecurity?,2021-04-28T17:20:16Z,411,10,10,0,youtube#video,Apr,2021-04-28 17:20:16+00:00,Wednesday
63,Meet Udacity Mentor Edwin Ayi,2021-04-23T18:42:08Z,637,15,15,0,youtube#video,Apr,2021-04-23 18:42:08+00:00,Friday
64,Meet Udacity Mentor Dipika Chadha,2021-04-23T18:34:04Z,881,15,15,0,youtube#video,Apr,2021-04-23 18:34:04+00:00,Friday
65,Meet Udacity Mentor Ani B.,2021-04-23T18:18:51Z,896,19,19,0,youtube#video,Apr,2021-04-23 18:18:51+00:00,Friday
66,Meet Udacity Mentor Abdul Razak,2021-04-23T18:12:53Z,614,10,10,0,youtube#video,Apr,2021-04-23 18:12:53+00:00,Friday
67,The Autonomous Tech Dreams of the 14-year-old Sri Anumakonda,2021-04-22T23:38:44Z,1419,35,35,4,youtube#video,Apr,2021-04-22 23:38:44+00:00,Thursday
68,Udacity's Core Values,2021-04-22T16:16:29Z,982,15,15,0,youtube#video,Apr,2021-04-22 16:16:29+00:00,Thursday
69,#AskUdacityAnything - Skills Necessary for a Successful Cybersecurity Career,2021-04-22T16:06:21Z,431,10,10,0,youtube#video,Apr,2021-04-22 16:06:21+00:00,Thursday
70,#AskUdacityAnything with Dr. Christine Izuakor,2021-04-21T15:55:15Z,705,20,20,0,youtube#video,Apr,2021-04-21 15:55:15+00:00,Wednesday
71,Top Cybersecurity Jobs Decoded,2021-04-08T06:56:13Z,933,34,34,1,youtube#video,Apr,2021-04-08 06:56:13+00:00,Thursday
72,Introducing Udacity's newest Executive Program: Cloud Computing for Business Leaders,2021-04-06T15:50:32Z,960,24,24,3,youtube#video,Apr,2021-04-06 15:50:32+00:00,Tuesday
73,Udacity's Full Stack JavaScript Developer Nanodegree Program,2021-04-03T01:00:02Z,3427,82,82,0,youtube#video,Apr,2021-04-03 01:00:02+00:00,Saturday
74,Lean UX Explained,2021-04-01T14:52:00Z,4235,60,60,1,youtube#video,Apr,2021-04-01 14:52:00+00:00,Thursday
75,Udacity's Data Analysis and Visualization with Power BI Nanodegree Program,2021-03-25T19:28:01Z,1912,40,40,1,youtube#video,Mar,2021-03-25 19:28:01+00:00,Thursday
76,Introducing the Ethical Hacker Nanodegree Program!,2021-03-24T00:10:52Z,1861,50,50,0,youtube#video,Mar,2021-03-24 00:10:52+00:00,Wednesday
77,‘I Keep Coming Back to Udacity So I Can Give Back’: Ryan Waite | Student Success,2021-03-23T10:39:04Z,847,23,23,0,youtube#video,Mar,2021-03-23 10:39:04+00:00,Tuesday
78,Ramona Saintandre | Student Stories,2021-03-23T02:13:13Z,856,23,23,0,youtube#video,Mar,2021-03-23 02:13:13+00:00,Tuesday
79,Watch how Jasmine Lawrence Landed Her Dream Job | Student Success,2021-03-23T02:13:08Z,476,6,6,0,youtube#video,Mar,2021-03-23 02:13:08+00:00,Tuesday
80,Coding Careers Decoded: Front-End vs. Back-End vs. Fullstack,2021-03-15T18:27:44Z,15114,105,105,2,youtube#video,Mar,2021-03-15 18:27:44+00:00,Monday
81,What is SQL?,2021-02-26T13:05:53Z,1486,37,37,2,youtube#video,Feb,2021-02-26 13:05:53+00:00,Friday
82,Understanding the Application Tracking System,2021-02-24T21:27:21Z,3741,76,76,0,youtube#video,Feb,2021-02-24 21:27:21+00:00,Wednesday
83,Informational Interviews: Planting your Seed,2021-02-21T07:43:40Z,799,12,12,0,youtube#video,Feb,2021-02-21 07:43:40+00:00,Sunday
84,Finding CSS Selectors - A Walkthrough,2021-02-16T15:27:35Z,653,8,8,0,youtube#video,Feb,2021-02-16 15:27:35+00:00,Tuesday
85,Career Planning with Intention,2021-02-12T02:06:12Z,1040,19,19,0,youtube#video,Feb,2021-02-12 02:06:12+00:00,Friday
86,HTML Templates With Thymeleaf - A Walkthrough,2021-02-09T15:42:34Z,4032,9,9,0,youtube#video,Feb,2021-02-09 15:42:34+00:00,Tuesday
87,HTML Templates With Thymeleaf,2021-02-09T15:40:43Z,2934,18,18,0,youtube#video,Feb,2021-02-09 15:40:43+00:00,Tuesday
88,HTML Templates With Thymeleaf,2021-02-09T15:38:42Z,3315,5,5,1,youtube#video,Feb,2021-02-09 15:38:42+00:00,Tuesday
89,HTML Templates with Thymeleaf,2021-02-09T15:37:32Z,3219,13,13,0,youtube#video,Feb,2021-02-09 15:37:32+00:00,Tuesday
90,Udacity Student Story | Amaury Gonzalez,2021-02-03T10:51:50Z,1030,28,28,0,youtube#video,Feb,2021-02-03 10:51:50+00:00,Wednesday
91,Udacity Digital Marketing Nanodegree Program,2021-02-02T23:22:22Z,4285,55,55,0,youtube#video,Feb,2021-02-02 23:22:22+00:00,Tuesday
92,Introducing the Security Engineer Nanodegree program!,2021-02-02T20:57:49Z,884,17,17,1,youtube#video,Feb,2021-02-02 20:57:49+00:00,Tuesday
93,Introduction to Interactive Javascript,2021-02-02T15:55:24Z,473,13,13,1,youtube#video,Feb,2021-02-02 15:55:24+00:00,Tuesday
94,Running Javascript,2021-02-02T13:05:50Z,661,21,21,0,youtube#video,Feb,2021-02-02 13:05:50+00:00,Tuesday
95,Introducing the Cloud DevOps using Microsoft Azure Nanodegree program!,2021-01-28T21:31:46Z,981,24,24,0,youtube#video,Jan,2021-01-28 21:31:46+00:00,Thursday
96,Introducing the Cloud Developer using Microsoft Azure Nanodegree Program!,2021-01-28T21:27:02Z,547,11,11,0,youtube#video,Jan,2021-01-28 21:27:02+00:00,Thursday
97,Introducing Udacity's Security Analyst Nanodegree Program!,2021-01-28T17:56:00Z,874,24,24,1,youtube#video,Jan,2021-01-28 17:56:00+00:00,Thursday
98,"Security Review & Audit - Design, Architecture And Code Review",2021-01-25T11:14:15Z,1416,15,15,0,youtube#video,Jan,2021-01-25 11:14:15+00:00,Monday
99,Code Demo - How It Works?,2021-01-25T11:10:58Z,2051,6,6,0,youtube#video,Jan,2021-01-25 11:10:58+00:00,Monday
100,How to Upgrade Your Code in Java Programming,2021-01-25T11:06:10Z,442,5,5,0,youtube#video,Jan,2021-01-25 11:06:10+00:00,Monday
101,Solution Code Coverage for Java Programming,2021-01-25T11:03:12Z,796,6,6,0,youtube#video,Jan,2021-01-25 11:03:12+00:00,Monday
102,Solution Code Coverage for Java Programming,2021-01-25T10:55:06Z,185,0,0,0,youtube#video,Jan,2021-01-25 10:55:06+00:00,Monday
103,Starter Code Walkthrough for Autonomous Vehicles - Part 3,2021-01-25T10:53:45Z,714,0,0,0,youtube#video,Jan,2021-01-25 10:53:45+00:00,Monday
104,Starter Code Walkthrough for Autonomous Vehicles - Part 2,2021-01-25T10:52:36Z,851,5,5,0,youtube#video,Jan,2021-01-25 10:52:36+00:00,Monday
105,Starter Code Walkthrough for Autonomous Vehicles - Part 1,2021-01-25T10:51:11Z,1844,21,21,0,youtube#video,Jan,2021-01-25 10:51:11+00:00,Monday
106,How to Upgrade Your Code in Java Programming,2021-01-25T10:46:53Z,620,12,12,0,youtube#video,Jan,2021-01-25 10:46:53+00:00,Monday
107,Solution Code Coverage for Java Programming,2021-01-25T10:43:37Z,447,8,8,0,youtube#video,Jan,2021-01-25 10:43:37+00:00,Monday
108,Kafka with Python,2021-01-20T16:39:17Z,11848,129,129,3,youtube#video,Jan,2021-01-20 16:39:17+00:00,Wednesday
109,Python Training Atom,2021-01-20T16:27:28Z,1005,3,3,0,youtube#video,Jan,2021-01-20 16:27:28+00:00,Wednesday
110,Why Learn Python?,2021-01-20T15:55:11Z,890,27,27,2,youtube#video,Jan,2021-01-20 15:55:11+00:00,Wednesday
111,What Makes Python Special?,2021-01-20T15:52:21Z,2192,20,20,0,youtube#video,Jan,2021-01-20 15:52:21+00:00,Wednesday
112,Why Learn Python?,2021-01-20T15:47:43Z,2172,22,22,3,youtube#video,Jan,2021-01-20 15:47:43+00:00,Wednesday
113,Interrogating Python Data - Python Objects,2021-01-20T15:43:19Z,2076,26,26,2,youtube#video,Jan,2021-01-20 15:43:19+00:00,Wednesday
114,Interrogating Python Data - Python Variables,2021-01-20T15:40:25Z,2052,19,19,1,youtube#video,Jan,2021-01-20 15:40:25+00:00,Wednesday
115,Introducing Udacity's Java Programming Nanodegree Program!,2021-01-19T20:56:07Z,1766,44,44,0,youtube#video,Jan,2021-01-19 20:56:07+00:00,Tuesday
116,#AskUdacityAnything,2021-01-14T06:14:42Z,476,6,6,0,youtube#video,Jan,2021-01-14 06:14:42+00:00,Thursday
117,#AskUdacityAnything - How to Get Started with Self-Driving Cars?,2021-01-14T06:06:56Z,524,5,5,0,youtube#video,Jan,2021-01-14 06:06:56+00:00,Thursday
118,#AskUdacityAnything - How will project management change in the digital world?,2021-01-14T05:58:52Z,210,4,4,0,youtube#video,Jan,2021-01-14 05:58:52+00:00,Thursday
119,#AskUdacityAnything - How did David Silver Become Interested in Self-Driving Cars?,2021-01-14T05:50:25Z,269,2,2,0,youtube#video,Jan,2021-01-14 05:50:25+00:00,Thursday
120,#AskUdacityAnything - How to Design an Automated Damper?,2021-01-14T05:36:18Z,216,1,1,0,youtube#video,Jan,2021-01-14 05:36:18+00:00,Thursday
121,Recap - Intro To Functional Programming,2021-01-13T15:31:18Z,1503,19,19,0,youtube#video,Jan,2021-01-13 15:31:18+00:00,Wednesday
122,Intro to Functional Programming JavaScript,2021-01-13T15:30:04Z,1613,13,13,3,youtube#video,Jan,2021-01-13 15:30:04+00:00,Wednesday
123,Top 8 Skills You Need to be a Data Scientist,2021-01-06T18:21:41Z,2240,104,104,0,youtube#video,Jan,2021-01-06 18:21:41+00:00,Wednesday
124,From Lawyers to IT Professionals Creating a ‘New Normal’ in the Healthcare Sector,2021-01-06T13:50:14Z,738,21,21,2,youtube#video,Jan,2021-01-06 13:50:14+00:00,Wednesday
125,What You Need to Know to Land a Job in 2021,2021-01-05T18:11:42Z,1513,59,59,0,youtube#video,Jan,2021-01-05 18:11:42+00:00,Tuesday
126,#AskUdacityAnything,2020-12-29T18:02:51Z,638,8,8,2,youtube#video,Dec,2020-12-29 18:02:51+00:00,Tuesday
127,Udacity’s Intermediate Python Nanodegree Program,2020-12-23T22:04:39Z,4828,89,89,0,youtube#video,Dec,2020-12-23 22:04:39+00:00,Wednesday
128,"Victorious Negotiating: Win first, then go to War",2020-12-22T23:20:17Z,1034,25,25,0,youtube#video,Dec,2020-12-22 23:20:17+00:00,Tuesday
129,#AskUdacityAnything - Robotics & Automation approaches in a post-covid world!,2020-12-22T12:49:41Z,915,19,19,0,youtube#video,Dec,2020-12-22 12:49:41+00:00,Tuesday
130,Introducing Udacity's Data Architect Nanodegree Program,2020-12-17T16:11:33Z,2244,34,34,9,youtube#video,Dec,2020-12-17 16:11:33+00:00,Thursday
131,Product Design Overview,2020-12-17T15:39:33Z,475,8,8,0,youtube#video,Dec,2020-12-17 15:39:33+00:00,Thursday
132,What You Need to Know to Become a Machine Learning Engineer,2020-12-17T15:15:10Z,1201,31,31,0,youtube#video,Dec,2020-12-17 15:15:10+00:00,Thursday
133,Ask Me Anything:  David Silver on Damper Replacement,2020-12-17T15:09:09Z,115,2,2,0,youtube#video,Dec,2020-12-17 15:09:09+00:00,Thursday
134,Ask Me Anything: David Silver on Self-driving Car,2020-12-17T15:08:21Z,119,3,3,0,youtube#video,Dec,2020-12-17 15:08:21+00:00,Thursday
135,Ask Me Anything:  David Silver on Machine Learning in Product Management,2020-12-17T15:07:20Z,141,2,2,0,youtube#video,Dec,2020-12-17 15:07:20+00:00,Thursday
136,Ask Me Anything:  David Silver on his Self-driving Car Skills,2020-12-17T15:06:05Z,113,1,1,0,youtube#video,Dec,2020-12-17 15:06:05+00:00,Thursday
137,Ask Me Anything:  David Silver on Self-driving Car Unsolved Problems,2020-12-17T15:04:29Z,218,2,2,0,youtube#video,Dec,2020-12-17 15:04:29+00:00,Thursday
138,Ask Me Anything:  David Silver on Automation in a Post-Covid World,2020-12-17T15:02:53Z,115,1,1,0,youtube#video,Dec,2020-12-17 15:02:53+00:00,Thursday
139,Becoming a Full Stack Web Developer,2020-12-17T14:58:23Z,2007,40,40,0,youtube#video,Dec,2020-12-17 14:58:23+00:00,Thursday
140,Product Design for Product Managers,2020-12-17T12:59:46Z,5282,15,15,0,youtube#video,Dec,2020-12-17 12:59:46+00:00,Thursday
141,Business Analytics Success Story,2020-12-17T11:43:40Z,1061,23,23,0,youtube#video,Dec,2020-12-17 11:43:40+00:00,Thursday
142,Developing Technical Skills and Leadership Roles and Vice Versa,2020-12-10T02:22:40Z,668,14,14,0,youtube#video,Dec,2020-12-10 02:22:40+00:00,Thursday
143,Persistent Data Structures - Data Structures & Algorithms Nanodegree Program,2020-12-09T06:42:40Z,2340,47,47,2,youtube#video,Dec,2020-12-09 06:42:40+00:00,Wednesday
144,How to overcome Imposter Syndrome,2020-11-30T22:34:05Z,1870,43,43,0,youtube#video,Nov,2020-11-30 22:34:05+00:00,Monday
145,Transitioning your Career during COVID-19,2020-11-24T21:57:07Z,797,17,17,0,youtube#video,Nov,2020-11-24 21:57:07+00:00,Tuesday
146,Career Webinar: Finishing the Year with a Bang!,2020-11-16T19:42:22Z,1101,23,23,0,youtube#video,Nov,2020-11-16 19:42:22+00:00,Monday
147,How Keith Transformed an Uncertain Summer to a Productive One: Keith Sun | Udacity Student Story,2020-11-11T10:00:29Z,826,17,17,3,youtube#video,Nov,2020-11-11 10:00:29+00:00,Wednesday
148,Udacity Student Story | Francisco Gutierrez,2020-11-11T08:40:26Z,3526,56,56,2,youtube#video,Nov,2020-11-11 08:40:26+00:00,Wednesday
149,History of Full-Stack Development And Spring Boot,2020-11-05T16:41:16Z,6407,57,57,10,youtube#video,Nov,2020-11-05 16:41:16+00:00,Thursday
150,History of Full-Stack Development And Spring Boot,2020-11-05T16:14:17Z,641,20,20,2,youtube#video,Nov,2020-11-05 16:14:17+00:00,Thursday
151,Everything About the Udacity Data Analyst Nanodegree Program,2020-10-29T15:38:31Z,4634,30,30,0,youtube#video,Oct,2020-10-29 15:38:31+00:00,Thursday
152,How to make the most of your Performance Review,2020-10-28T20:11:26Z,934,13,13,0,youtube#video,Oct,2020-10-28 20:11:26+00:00,Wednesday
153,Breaking Barriers:  Christine Izuakor,2020-10-28T14:42:48Z,584,13,13,0,youtube#video,Oct,2020-10-28 14:42:48+00:00,Wednesday
154,Managing Stress: Working From Home During Covid,2020-10-20T21:35:45Z,1205,21,21,0,youtube#video,Oct,2020-10-20 21:35:45+00:00,Tuesday
155,Become an Android Kotlin Developer!,2020-10-20T17:04:39Z,6343,91,91,10,youtube#video,Oct,2020-10-20 17:04:39+00:00,Tuesday
156,Introducing the Hybrid Cloud Engineer Nanodegree Program,2020-10-15T16:53:40Z,1210,33,33,0,youtube#video,Oct,2020-10-15 16:53:40+00:00,Thursday
157,Udacity's Machine Learning Engineer for Microsoft Azure Nanodegree Program!,2020-10-13T22:14:58Z,1866,44,44,0,youtube#video,Oct,2020-10-13 22:14:58+00:00,Tuesday
158,Changing Jobs & Deciding What’s Next: A Chat with Career Transition Experts,2020-10-10T01:38:29Z,1416,26,26,0,youtube#video,Oct,2020-10-10 01:38:29+00:00,Saturday
159,Breaking Barriers:  Christopher Avila,2020-09-30T20:37:39Z,1159,47,47,0,youtube#video,Sep,2020-09-30 20:37:39+00:00,Wednesday
160,Interview Workshop: Selling Your Skills & Showing Motivation,2020-09-25T19:41:38Z,1599,37,37,0,youtube#video,Sep,2020-09-25 19:41:38+00:00,Friday
161,#RPAInsiders: Does RPA mean that I have to get rid of any existing systems?,2020-09-23T13:26:56Z,280,3,3,0,youtube#video,Sep,2020-09-23 13:26:56+00:00,Wednesday
162,RPA Insiders:  Do you foresee a time when RPA can be used to make more strategic decisions?,2020-09-22T17:58:30Z,206,0,0,0,youtube#video,Sep,2020-09-22 17:58:30+00:00,Tuesday
163,RPA Insiders:  Is there a way to implement RPA in a cost effective way?,2020-09-22T17:57:11Z,255,2,2,0,youtube#video,Sep,2020-09-22 17:57:11+00:00,Tuesday
164,RPA Insiders: Is there a case for using RPA in day to day life?,2020-09-22T17:54:37Z,206,3,3,0,youtube#video,Sep,2020-09-22 17:54:37+00:00,Tuesday
165,RPA Insiders:  Will RPA be required for business to run safely during COVID?,2020-09-22T17:54:01Z,137,0,0,0,youtube#video,Sep,2020-09-22 17:54:01+00:00,Tuesday
166,RPA Insiders: What are top 5 things consider for implementing RPA in organization?,2020-09-22T17:53:33Z,167,0,0,0,youtube#video,Sep,2020-09-22 17:53:33+00:00,Tuesday
167,RPA Insiders: What is the difference between hyper automation and RPA?,2020-09-22T17:53:01Z,589,7,7,0,youtube#video,Sep,2020-09-22 17:53:01+00:00,Tuesday
168,RPA Insiders:  What industries are not right for RPA?,2020-09-22T17:52:25Z,233,5,5,0,youtube#video,Sep,2020-09-22 17:52:25+00:00,Tuesday
169,RPA Insiders Virtual Conference: Highlights,2020-09-18T02:11:01Z,716,20,20,0,youtube#video,Sep,2020-09-18 02:11:01+00:00,Friday
170,Career Webinar: Networking Strategies for your Career Advancement,2020-09-16T22:09:20Z,1172,13,13,0,youtube#video,Sep,2020-09-16 22:09:20+00:00,Wednesday
171,RPA Insiders Virtual Conference:  Do You Have What it Takes to Be an RPA Developer? Closing Remarks,2020-09-16T19:11:10Z,649,8,8,0,youtube#video,Sep,2020-09-16 19:11:10+00:00,Wednesday
172,RPA Insiders Virtual Conference:  What is RPA? How is it Being Used Across Industries?,2020-09-16T19:08:42Z,892,9,9,0,youtube#video,Sep,2020-09-16 19:08:42+00:00,Wednesday
173,RPA Insiders Virtual Conference:  How COVID Has Accelerated the Need for RPA,2020-09-16T19:05:11Z,527,6,6,0,youtube#video,Sep,2020-09-16 19:05:11+00:00,Wednesday
174,RPA Insiders Virtual Conference: Top Execs Discuss How RPA Won't Replace Jobs,2020-09-16T19:00:37Z,641,11,11,0,youtube#video,Sep,2020-09-16 19:00:37+00:00,Wednesday
175,RPA Insiders Virtual Conference:  Opening remarks + Keynote: RPA Trends What's Real and What's Hype?,2020-09-16T18:57:40Z,858,22,22,0,youtube#video,Sep,2020-09-16 18:57:40+00:00,Wednesday
176,Introducing the RPA Developer Nanodegree Program!,2020-09-16T18:53:07Z,1455,22,22,0,youtube#video,Sep,2020-09-16 18:53:07+00:00,Wednesday
177,Kick-Start the Job Search: Tips for an Efficient and Successful Search,2020-09-11T22:06:58Z,1319,41,41,0,youtube#video,Sep,2020-09-11 22:06:58+00:00,Friday
178,Introducing the Agile Software Development Nanodegree Program,2020-09-10T18:14:34Z,2876,63,63,0,youtube#video,Sep,2020-09-10 18:14:34+00:00,Thursday
179,Introducing Udacity's New Data Science for Business Leaders Executive Program!,2020-08-27T21:36:37Z,5203,57,57,3,youtube#video,Aug,2020-08-27 21:36:37+00:00,Thursday
180,Alumni Webinar: Networking to Land Referrals,2020-08-27T20:52:20Z,891,18,18,0,youtube#video,Aug,2020-08-27 20:52:20+00:00,Thursday
181,"Career Webinar: Graduate School or Upskilling, That is the Question",2020-08-25T22:32:07Z,680,17,17,0,youtube#video,Aug,2020-08-25 22:32:07+00:00,Tuesday
182,"Career Webinar: Return to Work, Revisit the Relaunch Webinar",2020-08-20T17:18:51Z,559,8,8,0,youtube#video,Aug,2020-08-20 17:18:51+00:00,Thursday
183,Career Webinar: The Importance of Group Interviews and How to Ace Them,2020-08-19T21:58:14Z,808,14,14,0,youtube#video,Aug,2020-08-19 21:58:14+00:00,Wednesday
184,Career Coach AMA: How to Navigate Mid-Career Transition Challenges,2020-08-15T00:03:58Z,1044,21,21,0,youtube#video,Aug,2020-08-15 00:03:58+00:00,Saturday
185,"Returning To Work, A Fireside Chat with Carol Fishman Cohen from iRelaunch",2020-07-31T20:55:15Z,1162,26,26,0,youtube#video,Jul,2020-07-31 20:55:15+00:00,Friday
186,Udacity AWS Webinar Series - How can Machine Learning help my Career?,2020-07-31T12:01:02Z,1569,38,38,0,youtube#video,Jul,2020-07-31 12:01:02+00:00,Friday
187,New! Introduction to Cybersecurity Nanodegree Program from Udacity!,2020-07-30T17:48:02Z,10997,70,70,0,youtube#video,Jul,2020-07-30 17:48:02+00:00,Thursday
188,Become a Better Udacity Mentor While Building Own Your Personal Brand,2020-07-28T19:28:51Z,1765,46,46,0,youtube#video,Jul,2020-07-28 19:28:51+00:00,Tuesday
189,Introducing the new Establishing Data Infrastructure course!,2020-07-16T17:48:17Z,5668,45,45,3,youtube#video,Jul,2020-07-16 17:48:17+00:00,Thursday
190,Introducing Intermediate Javascript Nanodegree Program,2020-07-15T19:56:13Z,5091,57,57,17,youtube#video,Jul,2020-07-15 19:56:13+00:00,Wednesday
191,Career Webinar: Bouncing Back from a Layoff or Furlough,2020-07-13T18:46:52Z,912,26,26,0,youtube#video,Jul,2020-07-13 18:46:52+00:00,Monday
192,Introducing the new Monetization Strategy Course from the Growth Product Manager Nanodegree Program!,2020-07-08T17:10:33Z,1550,25,25,0,youtube#video,Jul,2020-07-08 17:10:33+00:00,Wednesday
193,Career Coach AMA: Telling your Story in Professional Setting,2020-07-07T15:54:35Z,1282,30,30,0,youtube#video,Jul,2020-07-07 15:54:35+00:00,Tuesday
194,Introducing Java Web Developer Nanodegree Program,2020-06-29T22:57:56Z,80371,91,91,15,youtube#video,Jun,2020-06-29 22:57:56+00:00,Monday
195,Personal Branding: your Career Armor,2020-06-25T16:58:44Z,2838,89,89,0,youtube#video,Jun,2020-06-25 16:58:44+00:00,Thursday
196,Introducing the new Applying Data Science to Product Management course!,2020-06-18T17:00:18Z,4163,24,24,0,youtube#video,Jun,2020-06-18 17:00:18+00:00,Thursday
197,Introducing the Data Product Manager Nanodegree Program!,2020-06-18T17:00:00Z,3208,47,47,1,youtube#video,Jun,2020-06-18 17:00:00+00:00,Thursday
198,"Career Conversations: Mal Sridhar, SQL Nanodegree Program Instructor and Product Manager",2020-06-17T17:42:59Z,3067,39,39,6,youtube#video,Jun,2020-06-17 17:42:59+00:00,Wednesday
199,"Career Conversations: Ziad Saab, SQL Nanodegree Program Instructor and Software Developer",2020-06-17T17:42:52Z,1784,19,19,0,youtube#video,Jun,2020-06-17 17:42:52+00:00,Wednesday
200,Re-evaluating your Financial Worth - Negotiating your Salary Package,2020-06-08T15:48:00Z,1396,37,37,0,youtube#video,Jun,2020-06-08 15:48:00+00:00,Monday
201,Gabe Ruttner - Udacity Instructor Stories,2020-06-04T21:46:24Z,1209,27,27,0,youtube#video,Jun,2020-06-04 21:46:24+00:00,Thursday
202,Aaron Brown - Udacity Instructor Stories,2020-06-04T21:46:05Z,811,15,15,0,youtube#video,Jun,2020-06-04 21:46:05+00:00,Thursday
203,Michael Dedrick - Udacity Instructor Stories,2020-06-04T21:40:07Z,1430,29,29,0,youtube#video,Jun,2020-06-04 21:40:07+00:00,Thursday
204,"""What’s My Weakness?""- How to Answer the Question and Ace the Interview",2020-05-28T16:58:00Z,1483,37,37,0,youtube#video,May,2020-05-28 16:58:00+00:00,Thursday
205,Data Engineer Nanodegree Program from Udacity,2020-05-27T15:33:59Z,4430,61,61,0,youtube#video,May,2020-05-27 15:33:59+00:00,Wednesday
206,Introducing the SQL Nanodegree Program,2020-05-26T17:00:09Z,97637,66,66,0,youtube#video,May,2020-05-26 17:00:09+00:00,Tuesday
207,Create a Winning Job Search Strategy while Social Distancing,2020-05-21T22:03:34Z,1439,45,45,0,youtube#video,May,2020-05-21 22:03:34+00:00,Thursday
208,EMOTIONAL INTELLIGENCE: your Career Accelerator,2020-05-14T17:14:50Z,1564,54,54,0,youtube#video,May,2020-05-14 17:14:50+00:00,Thursday
209,Introducing the AI for Healthcare Nanodegree Program!,2020-05-12T18:04:54Z,4270,105,105,3,youtube#video,May,2020-05-12 18:04:54+00:00,Tuesday
210,Introducing the AI For Healthcare Nanodegree Program!,2020-05-12T17:00:00Z,874,30,30,1,youtube#video,May,2020-05-12 17:00:00+00:00,Tuesday
211,Introducing the AWS Cloud Architect Nanodegree Program from Udacity,2020-05-05T17:00:14Z,4115,81,81,0,youtube#video,May,2020-05-05 17:00:14+00:00,Tuesday
212,"Thank you, Teachers!",2020-05-05T13:53:22Z,1969,67,67,0,youtube#video,May,2020-05-05 13:53:22+00:00,Tuesday
213,Career Management: 18 Steps towards Empowerment,2020-05-05T00:13:14Z,1148,27,27,0,youtube#video,May,2020-05-05 00:13:14+00:00,Tuesday
214,Managing Change for Greater Resilience in your Career and Life,2020-04-30T18:19:31Z,955,15,15,0,youtube#video,Apr,2020-04-30 18:19:31+00:00,Thursday
215,Create a Winning Job Search Strategy while Social Distancing,2020-04-17T19:09:44Z,2192,50,50,0,youtube#video,Apr,2020-04-17 19:09:44+00:00,Friday
216,Introducing the Intel® Edge AI for IoT Developers Nanodegree Program,2020-04-16T13:08:30Z,8876,123,123,0,youtube#video,Apr,2020-04-16 13:08:30+00:00,Thursday
217,Job Seeking During COVID-19: How to continue Career Growth in Turbulent Times,2020-04-13T18:18:01Z,1354,36,36,0,youtube#video,Apr,2020-04-13 18:18:01+00:00,Monday
218,Udacity Student Story - Miguel Flores Silverio,2020-04-09T23:51:16Z,3830,92,92,0,youtube#video,Apr,2020-04-09 23:51:16+00:00,Thursday
219,Introducing the Product Manager Interview Preparation Free Course from Udacity,2020-04-08T18:23:15Z,2255,23,23,0,youtube#video,Apr,2020-04-08 18:23:15+00:00,Wednesday
220,Free Course: Product Manager Interview Preparation from Udacity - Key Skills When Hiring PMs,2020-04-07T00:22:42Z,1644,35,35,0,youtube#video,Apr,2020-04-07 00:22:42+00:00,Tuesday
221,Free Course: Product Manager Interview Preparation from Udacity - How to Answer Behavioral Questions,2020-04-07T00:08:21Z,1379,29,29,0,youtube#video,Apr,2020-04-07 00:08:21+00:00,Tuesday
222,Free Course: Product Manager Interview Preparation from Udacity - What made you decide to be a PM?,2020-04-06T23:53:12Z,1050,20,20,0,youtube#video,Apr,2020-04-06 23:53:12+00:00,Monday
223,Praful Krishna on Implementing AI in Fortune 500 Companies: Udacity AI for Business Leaders Webinar,2020-04-01T19:00:11Z,1459,23,23,0,youtube#video,Apr,2020-04-01 19:00:11+00:00,Wednesday
224,TRANSFERABLE SKILLS - Add an Edge to your Job Search,2020-03-30T17:27:52Z,2952,95,95,0,youtube#video,Mar,2020-03-30 17:27:52+00:00,Monday
225,Alex Ermolaev on AI in Healthcare: Udacity AI for Business Leaders Webinar,2020-03-25T19:00:25Z,1537,29,29,0,youtube#video,Mar,2020-03-25 19:00:25+00:00,Wednesday
226,JUMPING SHIP: Strategies for making a Career Transition,2020-03-24T15:37:02Z,1159,31,31,0,youtube#video,Mar,2020-03-24 15:37:02+00:00,Tuesday
227,Samantha Huang on Investing in AI & Autonomous Driving: Udacity AI for Business Leaders Webinar,2020-03-18T19:00:09Z,2043,42,42,0,youtube#video,Mar,2020-03-18 19:00:09+00:00,Wednesday
228,Gautam Khera on Utilizing AI Technology in R&D: Udacity AI for Business Leaders Webinar Series,2020-03-12T15:48:57Z,1477,24,24,0,youtube#video,Mar,2020-03-12 15:48:57+00:00,Thursday
229,Boost Your Chances of Landing a Remote Job,2020-03-10T18:23:54Z,2115,72,72,0,youtube#video,Mar,2020-03-10 18:23:54+00:00,Tuesday
230,Sebastian Thrun on the Future of AI in Business: Udacity AI for Business Leaders Webinar,2020-03-10T00:09:40Z,3789,97,97,0,youtube#video,Mar,2020-03-10 00:09:40+00:00,Tuesday
231,Introducing the Product Manager Nanodegree Program from Udacity,2020-03-05T20:00:00Z,5711,67,67,0,youtube#video,Mar,2020-03-05 20:00:00+00:00,Thursday
232,Become a Udacity Instructor,2020-03-05T02:25:58Z,3508,68,68,0,youtube#video,Mar,2020-03-05 02:25:58+00:00,Thursday
233,Entrepreneurial Mindset and Practical Steps: Starting Your Own Business,2020-03-03T03:14:51Z,1606,48,48,0,youtube#video,Mar,2020-03-03 03:14:51+00:00,Tuesday
234,Culture Fit: Identify your Core Values and align them with your Career,2020-03-02T19:04:39Z,1895,45,45,0,youtube#video,Mar,2020-03-02 19:04:39+00:00,Monday
235,Udacity Black History Month 2020 #UdacityBHM2020,2020-02-28T22:17:36Z,1524,66,66,0,youtube#video,Feb,2020-02-28 22:17:36+00:00,Friday
236,Setting up for Career Success with Goal Setting & Visioning,2020-02-25T00:05:28Z,2024,59,59,0,youtube#video,Feb,2020-02-25 00:05:28+00:00,Tuesday
237,Introducing the AI for Business Leaders Executive Program from Udacity,2020-02-20T16:00:09Z,57187,219,219,0,youtube#video,Feb,2020-02-20 16:00:09+00:00,Thursday
238,Behavioral Interviewing: Master your Skills,2020-02-12T18:53:13Z,2174,59,59,0,youtube#video,Feb,2020-02-12 18:53:13+00:00,Wednesday
239,Optimizing Udacity Career Services,2020-02-07T03:09:09Z,1190,26,26,0,youtube#video,Feb,2020-02-07 03:09:09+00:00,Friday
240,Don't Forget the Spice: Telling your Story,2020-01-27T19:33:38Z,1036,39,39,0,youtube#video,Jan,2020-01-27 19:33:38+00:00,Monday
241,Introducing Udacity's Intro to Machine Learning with TensorFlow Nanodegree Program,2020-01-23T22:08:52Z,12878,266,266,0,youtube#video,Jan,2020-01-23 22:08:52+00:00,Thursday
242,Creating your Personalized Job Search Plan,2020-01-22T05:10:20Z,1352,38,38,0,youtube#video,Jan,2020-01-22 05:10:20+00:00,Wednesday
243,"New Year, New Job Search Strategy",2020-01-10T20:00:43Z,2310,78,78,0,youtube#video,Jan,2020-01-10 20:00:43+00:00,Friday
244,Career Webinar: How to Build Self Confidence for a Career Change,2020-01-02T21:17:08Z,2643,48,48,0,youtube#video,Jan,2020-01-02 21:17:08+00:00,Thursday
245,Overcoming Procrastination: Eat your Frogs!,2019-12-20T23:24:23Z,2799,73,73,0,youtube#video,Dec,2019-12-20 23:24:23+00:00,Friday
246,Career Conversations: Designing User Experiences for the Enterprise with Michael Dedrick,2019-12-13T21:19:14Z,1459,35,35,0,youtube#video,Dec,2019-12-13 21:19:14+00:00,Friday
247,From Trucker to Techie with Udacity!,2019-12-13T06:37:21Z,3321,73,73,0,youtube#video,Dec,2019-12-13 06:37:21+00:00,Friday
248,Soft Skills - An important aspect of Career Development,2019-12-11T22:36:31Z,3081,74,74,0,youtube#video,Dec,2019-12-11 22:36:31+00:00,Wednesday
249,Putting your Best Foot Forward When You Feel You Are Overqualified,2019-12-10T21:35:47Z,726,17,17,0,youtube#video,Dec,2019-12-10 21:35:47+00:00,Tuesday
250,Udacity Thought Leader Series: Playbook for running successful teams - Lessons from Sue Barsamian,2019-12-06T23:04:37Z,1168,24,24,0,youtube#video,Dec,2019-12-06 23:04:37+00:00,Friday
251,Melissa Hui - Udacity Instructor Stories,2019-12-05T19:18:47Z,1378,21,21,0,youtube#video,Dec,2019-12-05 19:18:47+00:00,Thursday
252,Meet the youngest Self-Driving Car Engineer - Aaron Ma | Student Story,2019-12-05T05:07:45Z,6911,232,232,,youtube#video,Dec,2019-12-05 05:07:45+00:00,Thursday
253,Career Conversations: Evolution of the Cloud from IaaS to Serverless with Ivan Mushketyk,2019-12-04T00:58:21Z,712,10,10,0,youtube#video,Dec,2019-12-04 00:58:21+00:00,Wednesday
254,Career Conversations: School of Cloud Computing and Careers AMA with Career Coach Brett Ellis,2019-12-04T00:38:19Z,343,4,4,0,youtube#video,Dec,2019-12-04 00:38:19+00:00,Wednesday
255,Career Conversations: Why Engineers Should Learn UX Design with Gabe Ruttner,2019-12-04T00:36:14Z,512,9,9,0,youtube#video,Dec,2019-12-04 00:36:14+00:00,Wednesday
256,Career Conversations: Trends in Cloud Computing with Kesha Williams,2019-12-04T00:31:21Z,895,20,20,0,youtube#video,Dec,2019-12-04 00:31:21+00:00,Wednesday
257,Career Conversations: A Day in the Life of a Cloud Engineer,2019-12-04T00:23:46Z,1321,27,27,0,youtube#video,Dec,2019-12-04 00:23:46+00:00,Wednesday
258,"Career Conversations: Microservices and Kubernetes, Cloud Trends with Noah Gift",2019-12-04T00:07:30Z,836,14,14,0,youtube#video,Dec,2019-12-04 00:07:30+00:00,Wednesday
259,Career Conversations: From Full-Time Freelance UX Designer to Founder with Melissa Hui,2019-12-03T20:20:31Z,2878,82,82,2,youtube#video,Dec,2019-12-03 20:20:31+00:00,Tuesday
260,Here's how this 9 year old programmer built his first website | Student Story,2019-11-20T09:04:38Z,4214,131,131,,youtube#video,Nov,2019-11-20 09:04:38+00:00,Wednesday
261,Udacity Thought Leader Series: Fei Fei Li on Putting Humans at the Center of AI,2019-11-12T00:15:48Z,3443,69,69,0,youtube#video,Nov,2019-11-12 00:15:48+00:00,Tuesday
262,Udacity Thought Leader Series: AI & the Future of Healthcare with Toby Cosgrove and Kerrie Holley,2019-11-11T23:18:08Z,586,11,11,3,youtube#video,Nov,2019-11-11 23:18:08+00:00,Monday
263,"Udacity Thought Leader Series: Gainsight's CEO Nick Mehta, How Companies Can Become Customer-Centric",2019-11-11T23:04:32Z,568,13,13,0,youtube#video,Nov,2019-11-11 23:04:32+00:00,Monday
264,How Can I Gain Experience when Nobody Will Hire Me?,2019-10-29T17:41:10Z,2373,88,88,0,youtube#video,Oct,2019-10-29 17:41:10+00:00,Tuesday
265,The Ins and Outs of Life after a Nanodegree: A Discussion with Udacity Alumni,2019-10-18T21:37:53Z,2227,38,38,0,youtube#video,Oct,2019-10-18 21:37:53+00:00,Friday
266,Tech Talk: Self-Driving Car & Autonomous Systems,2019-10-14T22:46:33Z,1061,19,19,0,youtube#video,Oct,2019-10-14 22:46:33+00:00,Monday
267,Udacity's UX Designer Nanodegree Program,2019-10-08T21:00:03Z,103236,117,117,4,youtube#video,Oct,2019-10-08 21:00:03+00:00,Tuesday
268,Career Webinar:  Skills Gaps & Weaknesses,2019-10-02T16:01:45Z,1423,39,39,0,youtube#video,Oct,2019-10-02 16:01:45+00:00,Wednesday
269,"Trailer: Udacity Thought Series - Nick Mehta - October 3, 2019",2019-09-24T19:53:12Z,806,17,17,0,youtube#video,Sep,2019-09-24 19:53:12+00:00,Tuesday
270,1st Impressions: Make the First-Round Interview Cut! Phone/Video Interview Prep,2019-09-12T20:13:10Z,1570,46,46,0,youtube#video,Sep,2019-09-12 20:13:10+00:00,Thursday
271,Kick-Start the Job Search: Tips for an Efficient and Successful Search,2019-09-11T22:12:10Z,1248,43,43,0,youtube#video,Sep,2019-09-11 22:12:10+00:00,Wednesday
