id,parent_id,message,created_time,updated_time,Total_Summary,Total _reactions_summary,Total_like_summary,Total_love_summary,Total_haha_summary,Total_wow_summary,Total_sad_summary,Total_angry_summary,Total_likes_summary,likes.summary.total_count_1
2,1,Register now for our cutting edge Data Science Programme. Online. Starting 18 Jan 2021.  https://www.youtube.com/watch?v=tCkwnPur7jA&feature=emb_imp_woyt,12/25/2020 21:57,1/15/2021 19:08,1,4,3,1,0,0,0,0,3,3
3,1,Watch our Introduction to Data Science Course built for Executives and Managers.  https://youtu.be/afH3puS7OYQ,12/10/2020 8:25,12/20/2020 7:56,3,10,7,3,0,0,0,0,7,7
4,1,Register now for our online Data Science Course and change the course of your career.  https://www.youtube.com/watch?v=tCkwnPur7jA,12/6/2020 8:26,12/8/2020 0:20,1,7,6,1,0,0,0,0,6,6
5,1,Register now for our SQL for Data Science course to turbo-charge your career.  https://www.youtube.com/watch?v=W-6qKteINlQ&feature=emb_logo,12/2/2020 17:30,1/6/2021 11:15,1,8,7,1,0,0,0,0,7,7
6,1,Register now for one of our cutting-edge DIGITAL SKILL Courses and change the trajectory of your career.  https://explore-datascience.net/about-us/our-courses,11/30/2020 8:03,11/30/2020 8:03,0,5,4,1,0,0,0,0,4,4
7,1,Register now for our accredited Data Science on-line course. Change the trajectory of your career and join EXPLORE.  https://www.youtube.com/watch?v=aeCGUxAcIWQ&list=PLXzqtyJRzR_Sx7uc1xtViCTFd_b88xrNV&index=11,11/15/2020 15:26,11/15/2020 15:26,0,9,8,1,0,0,0,0,8,8
8,1,Take a tour of our Data Science Programme and see the Scientists who design and teach at EXPLORE.  https://youtu.be/kiTcVtZ5NCY,11/13/2020 8:58,11/13/2020 8:58,0,7,6,1,0,0,0,0,6,6
9,1,AI. Machine Learning. Data Science. What do they all mean?   Read the article below to EXPLORE AI!   https://www.vogue.co.uk/arts-and-lifestyle/article/how-to-talk-to-robots-tabitha-goldstaub,11/6/2020 20:00,11/6/2020 20:01,0,12,11,1,0,0,0,0,11,11
10,1,"A recommender system is an AI technique which finds relationships between features. Our data scientists learnt how to build this recommender system, which works similarly to Netflix's!   https://www.wsj.com/articles/retailers-use-ai-to-improve-online-recommendations-for-shoppers-11604330308",11/5/2020 20:00,11/5/2020 20:00,0,7,7,0,0,0,0,0,7,7
11,1,How can AI help the fight against Covid-19?   https://www.washingtonpost.com/health/covid-19-artificial-intelligence/2020/10/30/7486db84-1485-11eb-bc10-40b25382f1be_story.html,11/4/2020 20:00,11/4/2020 20:00,0,8,7,1,0,0,0,0,7,7
12,1,Remember to apply for the ONE YEAR FULL DATA SCIENCE course!   The most in demand and future proof careers require DATA.   Head over to --> https://explore-digital.net/long-courses/data-analytics  https://www.cajnewsafrica.com/2020/10/22/pandemic-makes-data-science-skills-vital-for-sa/,11/3/2020 20:00,11/3/2020 20:00,0,7,7,0,0,0,0,0,7,7
13,1,Great read on the trends for Data Science!  https://aerospace-journal.com/uncategorized/473555/data-science-and-machine-learning-service-market-2020-research-strategies-swot-analysis-future-development-trends-till-2027-international-business-machine-fico-att-hewlett-packard-enterpri/,11/2/2020 20:05,11/2/2020 20:05,0,4,4,0,0,0,0,0,4,4
14,1,Apply now for one of our of DIGITAL SKILL Courses and take your career to the next level.  http://brainstormmag.co.za/features/15078-taking-sexy-skills-to-the-world,10/26/2020 19:32,10/29/2020 12:21,1,15,14,1,0,0,0,0,14,14
15,1,Register now for one of our accredited DIGITAL SKILL Courses.  https://www.htxt.co.za/2020/10/21/explore-data-science-academy-confirms-2021-courses-along-with-new-additions/,10/22/2020 16:15,12/6/2020 0:12,1,6,6,0,0,0,0,0,6,6
16,1,Sign up now for our expanded range of accredited DIGITAL Qualifications and Short Courses.  https://explore-datascience.net,10/20/2020 12:57,10/27/2020 10:26,1,9,9,0,0,0,0,0,9,9
17,1,Reminder to apply for the 1 YEAR DATA SCIENCE COURSE!   We'll give you skills in:  ? Advanced coding. ? Databases in the industry. ? Cloud systems. ? Dashboards and visuals in business. ? Building real world machine learning and AI models.  https://www.itweb.co.za/content/dgp45va6r9g7X9l8,10/16/2020 9:00,1/3/2021 13:15,4,15,12,3,0,0,0,0,12,12
18,1,Great initiative to drive the growing AI companies in South Africa!   https://techcentral.co.za/reshaad-shas-new-venture-britegaze-eyes-r500m-ai-fund/101953/,10/15/2020 20:00,10/15/2020 20:00,0,8,7,1,0,0,0,0,7,7
19,1,Digitisation will transform the financial industry.   https://www.fintechmagazine.com/technology-and-ai-2/digital-transformation-critical-financial-services,10/14/2020 20:00,10/14/2020 20:00,0,5,5,0,0,0,0,0,5,5
20,1,"Child abuse and trafficking are still huge societal problems across the world. With AI and new technology, we are stepping up the fight against these issues!  https://www.analyticsinsight.net/top-8-ai-technologies-mitigate-child-abuse-child-trafficking/",10/13/2020 20:00,10/13/2020 20:00,0,8,8,0,0,0,0,0,8,8
21,1,"""Remote Jobs"" are the hottest searches now. The ""new normal"" requires digital upskilling!  https://businesstech.co.za/news/finance/438895/the-most-popular-job-searches-in-south-africa-right-now-and-what-they-pay/",10/12/2020 20:00,10/12/2020 20:00,0,5,4,1,0,0,0,0,4,4
22,1,Don't forget to apply for the Data Science Course!   We beat COVID with our fully virtual platform and online systems. Amazing things. Amazing people.  https://stuff.co.za/2020/09/09/explore-data-science-academy-learnerships-for-2021-are-now-open-for-registration/,10/10/2020 10:00,11/1/2020 18:30,4,11,9,2,0,0,0,0,9,9
23,1,The Silicon Valley of South Africa!   https://www.iol.co.za/technology/gadgets/african-news-agency-and-silicon-durbs-join-forces-to-open-up-the-tech-industry-to-startups-96b643b0-f89d-43e4-9f4c-5602788e0f93,10/9/2020 20:00,10/9/2020 20:00,0,3,3,0,0,0,0,0,3,3
24,1,Applications for the 1 Year Full Data Science course are still open!   Learn Python Programming. Learn Databases and Dashboards.  Learn Machine Learning.   FREE TUITION and SPONSORED to the top selected candidates!   https://explore-datascience.net/long-courses/data-science/3/2,10/8/2020 20:00,10/31/2020 8:43,9,29,26,3,0,0,0,0,26,26
25,1,Programmable medicine that can be personalised for the patient. This is the future.  https://www.iol.co.za/business-report/opinion/tech-news-hyper-personalised-medicine-427ade85-9d53-4fa0-a14c-352bfceed5bf,10/7/2020 20:00,10/20/2020 14:29,1,9,9,0,0,0,0,0,9,9
26,1,"""Shift the goals, muster the resources, and align people"" - AI and Data need the change and the people in order to run successfully.  https://sloanreview.mit.edu/article/getting-serious-about-data-and-data-science/",10/6/2020 20:00,10/6/2020 20:04,0,4,4,0,0,0,0,0,4,4
28,1,https://www.itweb.co.za/content/dgp45va6r9g7X9l8,10/5/2020 17:56,10/5/2020 17:56,0,10,9,1,0,0,0,0,9,9
29,1,Remember to apply for our one year FULL DATA SCIENCE COURSE! Fully sponsored. Learn the newest digital skills. Build a smart future!   https://explore-datascience.net/find-your-course  https://www.bizcommunity.com/Article/196/379/208187.html,9/29/2020 20:08,10/20/2020 14:18,4,10,8,2,0,0,0,0,8,8
30,1,"""Data is a precious thing and will last longer than the systems themselves"" - Tim Berners-lee, Inventor of the World Wide Web  APPLY FOR THE DATA SCIENCE COURSE --> https://explore-datascience.net/long-courses/data-science/2/2  https://www.bizcommunity.com/Article/196/379/208187.html",9/19/2020 10:00,10/20/2020 14:34,1,11,11,0,0,0,0,0,11,11
31,1,?? COVID resistant learning platform. ?? Sponsored by a leading company. ?? +R360 000 average starting salary. ?? Only need a matric to qualify.  Apply now for the one year Data Science course in Johannesburg and Cape Town!  https://explore-datascience.net/long-courses/data-science/2/2  https://stuff.co.za/2020/09/09/explore-data-science-academy-learnerships-for-2021-are-now-open-for-registration/,9/18/2020 12:00,10/20/2020 14:19,4,13,13,0,0,0,0,0,13,13
32,1,AI needs to be ethical. Biases and representation are hot topics for AI!  Interested in the world of the AI? Apply for our one year Data Science course - sponsored and accredited!  https://explore-datascience.net/long-courses/data-science/2/2  https://diginomica.com/why-ai-industry-urgently-needs-more-uncomfortable-conversations-about-bame-representation,9/17/2020 19:00,9/17/2020 19:00,0,6,6,0,0,0,0,0,6,6
33,1,What makes AI successful?  https://www.forbes.com/sites/forbestechcouncil/2020/09/14/the-surprisingly-critical-yet-often-undervalued-ingredient-for-ai-success/,9/16/2020 20:00,9/16/2020 20:00,0,2,2,0,0,0,0,0,2,2
34,1,Building a work space for data science? Here are some tips to keep a culture with data.  https://www.analyticsinsight.net/top-10-steps-build-data-driven-work-culture/,9/15/2020 20:00,9/15/2020 20:00,0,3,3,0,0,0,0,0,3,3
35,1,How much do our graduates earn after completing our one year Data Science course? ??  Applications for the sponsored courses in Cape Town and Johannesburg are now open!   https://explore-datascience.net/long-courses/data-science/2/2  https://businesstech.co.za/news/enterprise/432382/this-company-tracked-the-placement-of-85-data-science-graduates-in-south-africa-heres-how-much-they-earn/,9/14/2020 20:00,9/29/2020 16:04,2,10,10,0,0,0,0,0,10,10
36,1,What does evolution in the data industry teach us? Here are some lessons  on how to execute a great data plan!  https://www.iol.co.za/business-report/opinion/opinion-what-the-evolution-of-data-analytics-can-teach-us-about-business-success-0f3aad40-943b-4c4e-af49-81841974ebcb,9/12/2020 20:00,9/12/2020 20:00,0,8,8,0,0,0,0,0,8,8
37,1,Great to be in partnership with Zindi and watching a fellow African company reach new heights!  https://ventureburn.com/2020/09/sa-tech-startup-launches-new-recruitment-platform-for-data-scientists/,9/11/2020 20:00,9/11/2020 20:00,0,15,11,4,0,0,0,0,11,11
38,1,Our applications for our 1 year Data Science course is now open! What does it entail?  ? A one year comprehensive course training you as a data scientist ? Fully paid for and sponsored by a big corporate company ? Get a foot into the world of AI and programming ? R360 000 average salary  ? 90+ graduation rate   APPLY HERE > https://explore-datascience.net/long-courses/data-science/2   https://www.techfinancials.co.za/2020/09/10/hundreds-of-free-fully-accredited-data-science-learnerships-up-for-grabs/,9/10/2020 19:00,10/20/2020 16:11,1,20,15,5,0,0,0,0,15,15
39,1,"EXPLORE welcomes our newest CTO - Kevin Tretheway. Kevin has over 20 years in the Software industry and has been the head engineer at a Silicon Valley based company. He started his career in an academy very much like the EXPLORE Data Science Academy without university training, and EXPLORed his way to the top!   Welcome to the team!",9/9/2020 20:00,9/10/2020 14:20,1,46,38,8,0,0,0,0,38,38
40,1,How has data shaped the new normal? How is society benefiting from the AI boom?  https://talkiot.co.za/2020/09/07/making-ai-accessible-to-everyone/,9/8/2020 20:00,9/8/2020 20:00,0,2,1,1,0,0,0,0,1,1
41,1,Data breaches have become major problems. AI is redefining how we tackle cybersecurity.  https://www.dcvelocity.com/articles/47087-how-ai-and-machine-learning-are-redefining-cybersecurity,9/7/2020 20:00,9/7/2020 20:00,0,4,4,0,0,0,0,0,4,4
42,1,Who is excited for the 2021 applications for our one year Data Science Course? ??  Sponsored by a top company ?? +90% job placement ?? R360 000 average starting salary ?? Enter the exciting world of Data Science ??,9/5/2020 20:00,11/5/2020 15:33,10,35,27,8,0,0,0,0,27,27
43,1,"Dave Strugnell, Head of Actuarial Sciences at UCT and co-founder of EXPLORE, talks about the academy.   https://podcasts.google.com/feed/aHR0cHM6Ly9pb25vLmZtL3Jzcy9jaGFuLzM1MDM/episode/aHR0cDovL2lvbm8uZm0vZS81NTY0NDE?hl=en-ZA&ved=2ahUKEwj5mvn_xcXrAhVJZMAKHUgUDTgQjrkEegQICxAN&ep=6",9/4/2020 20:00,9/7/2020 0:22,1,6,6,0,0,0,0,0,6,6
44,1,What is it like working as a data scientist?   https://www.siliconrepublic.com/people/data-scientist-laura-sinnott-aon,9/3/2020 20:00,9/3/2020 20:00,0,8,7,1,0,0,0,0,7,7
45,1,How will data science change? Here are 3 areas where data will change as you progress in the data world.  http://www.cofmag.com/2020/08/how-3-things-will-change-the-way-you-approach-data-science/,9/2/2020 20:00,9/2/2020 20:00,0,2,2,0,0,0,0,0,2,2
46,1,https://startupng.com.ng/uncategorized/203370/data-science-and-machine-learning-service-market-growth-overview-with-detailed-analysis-2020-2026-amazon-web-services-google-mango-solutions-zs-datascience-com-latentview-analytics-and-more/,9/1/2020 20:00,9/1/2020 20:00,0,4,4,0,0,0,0,0,4,4
47,1,"The future will be data. No matter your career, you will need to work with data in some aspect.   https://www.theladders.com/career-advice/why-data-analysis-is-going-to-be-necessary-for-your-job",8/31/2020 20:00,8/31/2020 20:00,0,5,5,0,0,0,0,0,5,5
48,1,Here are some beginner concepts every aspiring data scientist should be comfortable explaining!   https://blog.dataiku.com/an-introduction-to-key-data-science-concepts,8/25/2020 20:08,8/25/2020 20:08,0,6,6,0,0,0,0,0,6,6
49,1,We have partnered with Amazon Web Services (AWS) to deliver our courses on their platform. AWS has invested in education within the technology industry.,8/24/2020 19:30,8/24/2020 20:51,0,18,13,4,0,1,0,0,13,13
50,1,Really cool use of Machine Learning and AI in the sporting world!   https://www.formula1.com/en/latest/article.hamilton-schumacher-senna-machine-learning-reveals-the-fastest-f1-driver-of.3DwwPLW4glCmlunjciH1Cz.html,8/22/2020 10:00,8/22/2020 10:00,0,5,3,0,0,2,0,0,3,3
51,1,"As COVID progresses, consider what the new normal of online technologies mean for your company. We offer solutions for a technologically driven future.  https://www.youtube.com/watch?v=07CpMmY2NTk",8/21/2020 9:00,8/21/2020 9:00,0,5,4,1,0,0,0,0,4,4
52,1,We offer a host of enterprise learning solutions. Is your company interested in certified and accredited data skills? Maybe you need data solutions or resources?  Visit our website at https://explore-datascience.net/   https://youtu.be/WegG4dEiMNU,8/20/2020 20:00,8/20/2020 20:00,0,2,2,0,0,0,0,0,2,2
54,1,"Investing in machine learning and data, is investing in the future of technology.  https://www.meritalk.com/articles/energy-department-investing-37m-in-ai-ml-data-science/",8/19/2020 20:00,8/19/2020 20:00,0,4,4,0,0,0,0,0,4,4
55,1,How do you set-up a data science project within a company?  https://www.consultancy.eu/news/4689/four-steps-for-getting-started-with-data-science,8/18/2020 20:00,8/18/2020 20:00,0,4,4,0,0,0,0,0,4,4
56,1,This will be our first reach outside of Africa. EXPLORE with gumption.   https://www.itweb.co.za/content/4r1ly7RbBZk7pmda/G3mYZRXM9yMOgA8L,8/17/2020 19:16,8/17/2020 19:46,1,51,41,9,0,1,0,0,41,41
57,1,What makes us unique.  https://www.techfinancials.co.za/2020/08/12/south-african-startup-explore-wants-to-be-a-global-player-in-data-science/,8/12/2020 20:26,8/12/2020 20:26,0,20,18,1,0,1,0,0,18,18
58,1,We are proud to train data scientists for African Bank!   https://www.htxt.co.za/2020/07/21/why-african-bank-is-training-data-scientists-and-making-them-a-key-part-of-its-workforce/,8/8/2020 12:00,8/8/2020 12:13,1,27,20,7,0,0,0,0,20,20
59,1,Here is a really cool tutorial on how you can make a game using python!   https://www.androidauthority.com/how-to-make-a-game-in-python-1136589/,8/7/2020 20:00,8/7/2020 20:00,0,6,6,0,0,0,0,0,6,6
60,1,Python 3.9 is coming soon! Here are some cool new features.  https://thenextweb.com/syndication/2020/07/29/a-look-at-the-best-new-features-in-python-3-9/,8/6/2020 20:00,8/6/2020 20:00,0,6,6,0,0,0,0,0,6,6
61,1,How do you build a workforce for artificial intelligence?  https://www.forbes.com/sites/forbestechcouncil/2020/07/28/building-the-future-of-work-with-artificial-intelligence/,8/5/2020 20:00,8/5/2020 20:00,0,3,3,0,0,0,0,0,3,3
62,1,https://www.forbes.com/sites/bernardmarr/2020/08/03/3-important-ways-artificial-intelligence-will-transform-your-business-and-turbocharge-success/,8/4/2020 20:00,8/4/2020 20:00,0,5,4,1,0,0,0,0,4,4
63,1,"Data science involves gathering, analysing explaining the data and then deploying a workable solution. Read more about what data science entails below!  https://www.unite.ai/what-is-data-science/",8/3/2020 20:00,8/3/2020 20:00,0,6,6,0,0,0,0,0,6,6
64,1,EXPLORE’s courses are all based on Python coding. Our interns use it as their main language to code their machine learning algorithms!  https://www.cdotrends.com/story/14950/python-use-data-scientists-growing,7/28/2020 20:02,10/20/2020 14:41,1,18,14,3,0,1,0,0,14,14
65,1,What exactly is machine learning? How is it related to data and AI?  https://youtu.be/HcqpanDadyQ,7/25/2020 15:00,7/25/2020 15:00,0,7,7,0,0,0,0,0,7,7
66,1,COVID has increased the demand for AI technology and solutions.  https://data-economy.com/covid-19-the-latest-ai-demand-driver/,7/24/2020 20:00,7/27/2020 14:45,1,7,7,0,0,0,0,0,7,7
67,1,How has technology changed the way businesses operate during the global lockdown?  https://www.iol.co.za/business-report/tech-news-augmented-organisations-augmented-collaboration-and-ai-51064070,7/23/2020 20:00,7/23/2020 20:00,0,4,4,0,0,0,0,0,4,4
68,1,Here are some tips on getting that data science job!  https://www.analyticsinsight.net/tips-land-first-data-science-job/,7/22/2020 20:00,7/22/2020 20:00,0,8,8,0,0,0,0,0,8,8
69,1,"Data scientists are sought after, even during the COVID pandemic. As someone looking for a data scientist, here is what you should consider.  https://www.techrepublic.com/article/one-key-to-hiring-your-next-data-scientist/",7/21/2020 20:00,7/21/2020 20:01,0,4,4,0,0,0,0,0,4,4
70,1,Here is a life as a data scientist who has been through the EXPLORE academy.   https://podcasts.google.com/feed/aHR0cHM6Ly9wb2RjYXN0c3R1ZGlvcy5jby56YS9yc3MvZXhwbG9yZS10aGUtZnV0dXJlLnhtbA/episode/ZXhwbG9yZS10aGUtZnV0dXJlLTAwMw,7/20/2020 20:00,7/20/2020 20:00,0,8,7,1,0,0,0,0,7,7
71,1,Here are 10 ways AI and Data is transforming Enterprise Software.  https://www.informationweek.com/big-data/ai-machine-learning/10-ways-ai-is-transforming-enterprise-software/d/d-id/1338300,7/18/2020 10:30,7/18/2020 10:30,0,8,8,0,0,0,0,0,8,8
72,1,"When analysing data, how would you approach it?   https://www.analyticsinsight.net/how-to-approach-data-analytics/",7/17/2020 20:00,7/17/2020 20:00,0,7,7,0,0,0,0,0,7,7
73,1,Data science is needed for the future where information is everything!   https://www.forbes.com/sites/ankitmishra/2020/07/13/data-science-the-key-tool-cities-need-to-reduce-carbon-emissions/,7/15/2020 20:00,7/15/2020 20:00,0,11,11,0,0,0,0,0,11,11
74,1,https://www.itweb.co.za/content/JBwEr7nBxZ476Db2,7/14/2020 20:00,7/14/2020 20:00,0,33,28,5,0,0,0,0,28,28
75,1,"Life at EXPLORE? We work but enjoy the start-up life! Take a listen to our first podcast of the year hosted by our Founder, Shaun Dippnall.  https://podlink.to/explore",7/13/2020 20:00,7/13/2020 20:00,0,9,9,0,0,0,0,0,9,9
76,1,50 companies leading the USA's economy with AI!   https://www.forbes.com/sites/alanohnsman/2020/07/03/ai-50-americas-most-promising-artificial-intelligence-companies/#34760acd5c99,7/11/2020 10:00,7/11/2020 10:00,0,4,4,0,0,0,0,0,4,4
77,1,Innovation unlocks economical potential. Excited to see the relaunch of the Innovation Challenge by Cell C  https://www.htxt.co.za/2020/07/06/cell-cs-innovation-challenge-relaunched-for-local-ict-smes-and-entrepreneurs/,7/10/2020 20:00,7/10/2020 20:00,0,11,10,1,0,0,0,0,10,10
78,1,We are proud to have a few EXPLORERS working on the 11 official South African languages in relation to the AI space!   https://qz.com/1876793/south-african-scientists-use-news-headlines-to-power-ai/,7/9/2020 20:00,7/9/2020 20:00,0,11,10,1,0,0,0,0,10,10
80,1,"To survive the pandemic and enter into future industries, South Africa needs to build a digital and smart economy!  https://www.dailymaverick.co.za/opinionista/2020-07-06-africa-and-south-africa-must-embrace-4ir-to-compete-in-the-global-economic-race/",7/8/2020 20:00,7/8/2020 20:00,0,15,15,0,0,0,0,0,15,15
81,1,Great to see South African AI products making waves!  https://techpoint.africa/2020/07/02/south-african-startup-voyc-is-rebranding-and-going-global/,7/7/2020 20:00,7/7/2020 20:00,0,19,16,3,0,0,0,0,16,16
82,1,https://allafrica.com/stories/202006250789.html  An up-coming virtual conference addressing all things Fourth Industrial Revolution related! South Africa is in a prime position to establish a strong data driven foundation.,7/4/2020 10:00,7/4/2020 10:00,0,6,5,1,0,0,0,0,5,5
83,1,https://businesstech.co.za/news/technology/410869/these-are-the-tech-jobs-that-will-be-needed-in-south-africa-minister/,7/3/2020 20:00,7/3/2020 20:00,0,4,4,0,0,0,0,0,4,4
84,1,"Corporate Social Investment (CSI) is huge in developing the community. We began as a partnership with BCX to host our first cohort of sponsored students in Cape Town. Now with more than 5 sponsors and 3 locations across South Africa producing over 200 data scientists yearly, we are growing and assisting our South African youth!   https://mybroadband.co.za/news/industrynews/357971-b-bbee-more-than-just-points.html",7/2/2020 17:34,7/2/2020 17:34,0,6,4,2,0,0,0,0,4,4
85,1,"1 DAY LEFT to apply for Africa's leading online data science course for the July in take!  Learn coding, databases, dashboards and AI. Learn future-proof skills.  APPLY NOW!  https://explore-datascience.net/long-courses/data-science/2",7/1/2020 20:00,7/1/2020 20:00,0,3,2,1,0,0,0,0,2,2
86,1,Only a few days left to register for our online data science course!   >We assist with job placement (90+% placement) >We offer the most comprehensive Data Science Course in Africa >Our graduates pursue some of the highest paying jobs (R360000 average starting salary)  Register Now!  https://explore-datascience.net/long-courses/data-science/2,6/30/2020 20:00,7/9/2020 21:20,1,4,4,0,0,0,0,0,4,4
87,1,5 days left to register for our market-leading on-line Data Science course.  Sign up now!  https://www.youtube.com/watch?v=aeCGUxAcIWQ&list=PLXzqtyJRzR_Sx7uc1xtViCTFd_b88xrNV&index=11,6/27/2020 17:47,6/27/2020 17:47,0,4,4,0,0,0,0,0,4,4
88,1,The business world is in need of new innovation and disruption. Future start-ups need future skills! Here are 10 start-ups killing it with data and AI!  https://www.crn.com/slide-shows/applications-os/the-10-hottest-data-science-and-machine-learning-startups-of-2020-so-far-,6/27/2020 10:00,6/27/2020 10:00,0,9,9,0,0,0,0,0,9,9
89,1,Learn Data Science. Predict the future. Solve complex problems.   Our online applications are still open for the July in take!   https://explore-datascience.net/long-courses/data-science/2,6/26/2020 19:25,6/26/2020 19:25,0,3,3,0,0,0,0,0,3,3
90,1,New technologies = new possibilities. Here 10 ways AI is being used for good causes!  https://www.forbes.com/sites/bernardmarr/2020/06/22/10-wonderful-examples-of-using-artificial-intelligence-ai-for-good/,6/25/2020 20:00,6/25/2020 20:00,0,5,5,0,0,0,0,0,5,5
91,1,"These are the 3 trends for the digitisation in the banking sector, shaped by COVID-19.  https://www.weforum.org/agenda/2020/06/digitalization-is-changing-banking-these-three-trends-will-help-shape-its-future/",6/24/2020 20:00,6/24/2020 20:00,0,9,9,0,0,0,0,0,9,9
92,1,Well done to Wits - University of the Witwatersrand for making a historic move towards the fight on CoVid-19. First in Africa!  https://businesstech.co.za/news/technology/410103/south-africa-starts-first-covid-19-vaccine-trial/,6/23/2020 20:00,6/23/2020 20:00,0,16,14,2,0,0,0,0,14,14
93,1,Our EXPLORERs have fun teaching the latest advances in Data Science. Out students learn using real-world examples that are engaging and lots of fun.  https://www.youtube.com/watch?v=1qD5uDm7YJE&list=PLXzqtyJRzR_Sx7uc1xtViCTFd_b88xrNV&index=9,6/20/2020 8:17,6/20/2020 8:17,0,4,4,0,0,0,0,0,4,4
94,1,"Reminder to apply for the 1 year data science course starting in July! Learn to code, learn databases, learn dashboards and learn AI. We are Africa's leading Data Science Academy and boast top graduates in high paying jobs. APPLY NOW!  https://explore-datascience.net/long-courses/data-science/2",6/19/2020 20:00,6/20/2020 7:46,1,24,19,5,0,0,0,0,19,19
95,1,AI is built to solve problems. Business can leverage AI for superior results.   https://www.helpnetsecurity.com/2020/06/15/ai-adoption-business/,6/18/2020 20:00,6/19/2020 7:17,0,8,8,0,0,0,0,0,8,8
96,1,"An explosion of data along with cheaper storage, increased compute and stronger algorithms are driving the power of Data Science.  https://www.youtube.com/watch?v=7Qjd9h-JsQ0&list=PLXzqtyJRzR_Sx7uc1xtViCTFd_b88xrNV&index=14",6/18/2020 19:08,6/18/2020 19:08,0,3,3,0,0,0,0,0,3,3
97,1,"In the world of AI, there are so many divisions within the field.   https://www.nesta.org.uk/feature/ai-glossary/",6/17/2020 20:00,6/17/2020 20:00,0,8,7,1,0,0,0,0,7,7
98,1,Where is Data Science heading towards?  https://www.forbes.com/sites/cognitiveworld/2020/06/13/the-present-and-future-of-data-science-an-interview-with-anthony-scriffignano-senior-vice-president--chief-data-scientist-at-dun--bradstreet/#c952975c76a2,6/16/2020 20:00,6/16/2020 20:00,0,13,12,1,0,0,0,0,12,12
99,1,Apply for Africa's leading Data Science Course. 10 DAYS LEFT!   Launch your career. Learn Data Science.   https://explore-datascience.net/long-courses/data-science/1,6/15/2020 19:30,6/16/2020 16:59,0,11,9,1,0,1,0,0,9,9
100,1,Predict the future. Discover the power of machine learning at EXPLORE.  https://www.youtube.com/watch?v=8wVuOoP9qgk&feature=emb_logo,6/14/2020 17:45,6/14/2020 17:45,0,6,5,1,0,0,0,0,5,5
101,1,Register now for EXPLORE's 1 Year Data Science course online.  Starts 6 July. Places are limited.  https://www.youtube.com/watch?v=aeCGUxAcIWQ&feature=emb_logo,6/13/2020 13:50,6/19/2020 12:38,1,26,24,2,0,0,0,0,24,24
102,1,What are my opportunities after EXPLORE's comprehensive Data Science course?   https://youtu.be/it_Jt3xoM2I,6/12/2020 19:00,6/12/2020 19:00,0,15,13,2,0,0,0,0,13,13
103,1,"You've aced the EXPLORE data science program, a huge offer has come through and now you need to navigate the world. Here are some tips on how you can maximise your future data science career!  https://dataconomy.com/2020/05/lyft-data-scientist-shares-five-pieces-of-career-advice/",6/11/2020 20:00,6/11/2020 20:00,0,3,3,0,0,0,0,0,3,3
104,1,Ethical and responsible AI can make or break a data science project. We make sure our data scientists are compliant and learn about fair data models.  https://themetropolitan.metrostate.edu/2020/06/data-vs-lore-an-introduction-to-the-ethical-concerns-surrounding-artificial-intelligence/,6/10/2020 20:00,6/10/2020 20:00,0,5,5,0,0,0,0,0,5,5
106,1,Apply now for our cutting edge Data Science course delivered online. Starting 6 July 2020.  Join the revolution.  https://explore-datascience.net/long-courses/data-science/1,6/10/2020 9:59,6/11/2020 20:42,1,10,9,1,0,0,0,0,9,9
107,1,Our courses are built by professionals in the industry.   https://it-online.co.za/2019/06/18/thames-water-gains-strategic-analytics-from-sa-firm/,6/9/2020 20:00,6/9/2020 20:00,0,17,16,1,0,0,0,0,16,16
108,1,"Data Science is a future proof skill set, even after a pandemic.  https://www.analyticsinsight.net/data-ai-skills-witness-rise-demand-covid-19/",6/8/2020 20:00,6/8/2020 20:00,0,12,10,2,0,0,0,0,10,10
109,1,"South Africa's youth are talented. You are talented. Don't let your background define you.Upskill and reskill to master your future.  EXPLORE believes in tackling unemployment, and training in scarce skills.   ?? +90% employment ?? R360,000 Average starting salary ?? +400 alumni in the workforce",6/6/2020 20:30,6/30/2021 23:00,8,26,26,0,0,0,0,0,26,26
110,1,Time is running out to sign up for our 1 Year Online Data Science course.  Course starts 6 July - register now.  https://www.youtube.com/watch?v=aeCGUxAcIWQ&list=PLXzqtyJRzR_Sx7uc1xtViCTFd_b88xrNV&index=11,6/6/2020 10:57,6/19/2020 12:40,5,375,347,23,3,1,1,0,347,347
111,1,"Machine learning can be applied to any industry; all it requires is data. That means that any company, in any industry will need data scientists. That is why data science is a hot skill!",6/5/2020 20:02,6/5/2020 20:02,0,10,8,2,0,0,0,0,8,8
112,1,"As a data scientist, you will be the keeper of the AI entity in an organisation. AI will be fast and effective, but only if a data scientist can maintain its standard. Here are some tips to remember when you take your AI journey.  https://adage.com/article/industry-insights/7-tips-leveraging-ai-improve-user-experience/2257371",6/4/2020 20:00,6/4/2020 20:00,0,13,11,2,0,0,0,0,11,11
113,1,"Get ready for the fourth industrial revolution with a comprehensive data science course! Our applications are still open for online and on-campus, but filling up fast!",6/3/2020 20:00,7/1/2021 8:33,2,13,13,0,0,0,0,0,13,13
114,1,,6/3/2020 10:00,6/27/2021 19:04,5,67,54,13,0,0,0,0,54,54
115,1,South Africa has the talent to build a generation of future data scientists. Cell C have invested in the community and in building talent of digital skills for their organisation.  https://lnkd.in/dCjfz53,6/2/2020 18:49,6/2/2020 18:49,0,9,8,0,0,1,0,0,8,8
116,1,The world is changing and technology is the driving force of this change. AI is here to make the difference in this world and accelerate our growth as humans!    https://www.datasciencecentral.com/profiles/blogs/how-machine-learning-is-changing-the-world,5/29/2020 20:06,5/29/2020 20:06,0,14,11,3,0,0,0,0,11,11
117,1,There are so many fields where analytics can make a difference. Here are 5 uses of data analytics in hospitals.  https://www.businesswire.com/news/home/20200528005348/en/High-Value-Cases-Data-Analytics-Hospitals-Free-Resource,5/28/2020 18:55,6/19/2020 12:42,1,7,6,1,0,0,0,0,6,6
118,1,Learning about AI and analytics is important for business. Implementing these is what makes them so powerful . Reskilling and upskilling will be key to create a culture which adopts these new techniques.   https://www.mckinsey.com/business-functions/mckinsey-analytics/our-insights/accelerating-analytics-to-navigate-covid-19-and-the-next-normal?cid=other-eml-alt-mip-mck&hlkid=780c59ea485d4d50b22fba9e3d948bc2&hctky=11926951&hdpid=70ae87b8-b9c7-4003-af3e-11d69e13d361,5/27/2020 20:12,6/19/2020 12:43,1,11,9,2,0,0,0,0,9,9
119,1,"With the growth in computational power, cloud services and innovative technology, harnessing huge datasets have become easier than ever. Data is the key to making informative decisions and is a highly valued skill in any business. Forging a career in data has never been more accessible and individuals from all backgrounds are succeeding!",5/26/2020 20:16,11/17/2021 21:18,1,20,18,2,0,0,0,0,18,18
120,1,Learning and Development will be done through distance learning. The future of learning will be online compared to brick and mortar.   https://www.hrdive.com/news/to-defend-budgets-in-a-downturn-ld-must-focus-on-the-future/578182/,5/25/2020 18:30,5/25/2020 18:30,0,13,12,1,0,0,0,0,12,12
121,1,"IT industries are surviving during lockdown. The ability to work remotely and the need for companies to operate digitally are all contributing to positive IT employment. As a testimony to this, at EXPLORE, we are actually expanding aggressively our operations!   If you’re interested in a digital skill that’s employable even during lockdown, apply for our online course now!   https://explore-datascience.net/long-courses/data-science  https://l.facebook.com/l.php?u=https%3A%2F%2Fmybroadband.co.za%2Fnews%2Fbusiness%2F352691-good-news-for-software-developers-in-south-africa.html&h=AT2TsEEgYF_unSV4osDaUA3YF-5nkI5v1Zu_iqE5K_Ix36P10JFNX0LpGpEzWbZPE8rhssxI9MtF7tiXSTaQEP3F_6uj5fvclttdYucY5OIQXDXTw_rvY0LUIVc6Rrs&s=1",5/23/2020 13:09,5/23/2020 13:09,0,13,12,1,0,0,0,0,12,12
122,1,"Machine learning and AI are great in practice, but in the real world, there are key factors to consider when deploying a model. Ethics, discrimination, scalability and responsible learning are just some social aspects to machine learning.   Microsoft has announced some new tools and AI that focuses on more fair models.   https://blogs.microsoft.com/ai/azure-responsible-machine-learning/",5/21/2020 20:08,5/21/2020 20:08,0,9,9,0,0,0,0,0,9,9
123,1,87% of companies have a current skills gap. 43% of organisations are looking to fill data analytics skill gaps. Training in these skills and hiring the right candidates will be crucial to building this pipeline of talent.  https://www.mckinsey.com/business-functions/organization/our-insights/beyond-hiring-how-companies-are-reskilling-to-address-talent-gaps,5/20/2020 19:09,5/20/2020 19:09,0,7,6,0,0,1,0,0,6,6
124,1,"Corporate education is moving online. Why not make your personal education online as well? Flexible times, no classrooms and smart platforms are just some perks of digital learning.  https://www.forbes.com/sites/brandonbusteed/2020/05/16/corporate-education-will-never-return-to-the-classroom/#d4112c729a01",5/19/2020 18:30,5/19/2020 18:30,0,12,12,0,0,0,0,0,12,12
125,1,What can EXPLORE's comprehensive Data Science course give you?  ? Advanced Python Coding ? SQL Database Design ? Extensive PowerBI Dashboards ? Latest Machine Learning Techniques  Get an accredited set of skills to help you launch your career!  https://www.youtube.com/watch?v=ntRzevAp3Lo,5/15/2020 18:00,5/15/2020 21:55,1,9,6,3,0,0,0,0,6,6
126,1,"Companies are heading towards digitisation in their operations. Most jobs in the future will have a technological and data component. Are you ready for this future?  Applications for flagship courses are still available!   Our 400+ alumni have :  ? 97%+ graduation ? 93%+ employment ? R360,000 average annual salary  https://explore-datascience.net/long-courses/data-science/2",5/14/2020 18:00,5/14/2020 18:00,0,5,5,0,0,0,0,0,5,5
127,1,What are the skills that every data scientist needs? Here are the basic skills that EXPLORE’s data scientists use and learn everyday to make them ready for the workplace.,5/13/2020 18:00,5/13/2020 18:00,0,16,12,4,0,0,0,0,12,12
128,1,"What is the foundational role of a data scientist? At EXPLORE, we believe in 4 simple techniques which make a data scientist job ready - the ability to gather data, analyse data, visualise/explain the data and deploy a model.",5/12/2020 18:00,5/12/2020 18:00,0,13,11,2,0,0,0,0,11,11
129,1,"Through our ability to solve problems, we are tackling unemployment. We have helped over 400 new data scientists enter into the economy to solve new problems.  Here are stories of some of our alumni who have launched their futures in data science.  Learn Data Science in 6 or 12 months, online or on campus. Get a job. Design your future.  https://m.youtube.com/watch?feature=youtu.be&v=6D84JKSqUZg",5/7/2020 20:06,5/7/2020 20:06,0,8,6,2,0,0,0,0,6,6
130,1,COVID-19 lockdowns caused global internet surges. Why didn’t the internet break?   https://www.itnewsafrica.com/2020/05/why-covid-19-didnt-break-the-internet/,5/6/2020 19:52,5/6/2020 19:52,0,2,1,1,0,0,0,0,1,1
132,1,"During this pandemic, educational institutions at all levels are closing across the world. Thankfully, we live in a digital world.   EXPLORE offers all the courses to learn these future digital skills, digitally!",5/5/2020 19:19,5/5/2020 19:19,0,7,6,1,0,0,0,0,6,6
133,1,"Get a foot into the world of data science! Whether you’re looking to start your career or reskill yourself, we have the course for you! We operate and offer our courses throughout all levels of the lockdown.  https://explore-datascience.net/home/our-courses  https://www.youtube.com/watch?time_continue=1&v=ntRzevAp3Lo&feature=emb_logo",5/4/2020 20:26,5/4/2020 20:26,0,10,9,1,0,0,0,0,9,9
134,1,Enrol now for our 12-month Data Science on-line course and learn the latest advances in machine learning. Join the revolution now.  https://www.youtube.com/watch?v=aeCGUxAcIWQ&feature=emb_logo,5/3/2020 7:30,5/3/2020 7:30,0,9,7,2,0,0,0,0,7,7
135,1,EXPLORE’s versatile online learning platform makes all our courses relevant during this lockdown period. Our courses can be completed under all restriction levels!   Interested in a part-time or sponsored course?   https://explore-datascience.net/long-courses/data-science/2,4/30/2020 20:25,4/30/2020 20:25,0,6,5,1,0,0,0,0,5,5
136,1,Artificial Intelligence (AI) in medicine is becoming extremely relevant and implementable. Google is investigating how to implement AI in reading retinal scans to aide nurses in diabetic related screenings!  https://www.technologyreview.com/2020/04/27/1000658/google-medical-ai-accurate-lab-real-life-clinic-covid-diabetes-retina-disease/,4/29/2020 20:00,5/2/2020 10:01,1,15,11,2,0,2,0,0,11,11
137,1,One question many businesses ask is “How do you I incorporate data science into my business model?” Great read on how the working relationship between human and machine can be made to answer this question.   https://africa.com/how-businesses-can-unleash-the-power-of-human-machine-collaboration/,4/23/2020 20:09,4/23/2020 20:09,0,7,7,0,0,0,0,0,7,7
138,1,"Brilliant work by one of our alumni, Damian Vather. Some visualisations of the dashboard include different case scenarios, country differences and local data, such as cases per province and number of hospital beds available. Damian was part of the 2018 cohort and has since joined EXPLORE where he has been involved in consulting and academy work.  https://datastudio.google.com/u/0/reporting/19lGvPnRzHcDf9MtvH-mIf0geK-gqdx1u/page/rAUMB?s=jD24UnenLbw",4/22/2020 19:28,4/22/2020 19:28,0,24,18,6,0,0,0,0,18,18
139,1,Here are some fantastic technological measures South Africa is taking towards COVID-19 pandemic. Leveraging these solutions can pave a path to new future innovations.   https://www.geospatialworld.net/blogs/how-south-africa-uses-tech-to-fight-covid-19/,4/21/2020 19:41,4/21/2020 19:41,0,5,5,0,0,0,0,0,5,5
140,1,"Get skilled with coding, databases, dashboards and AI! We believe in learning on digital platforms to make our course as accessible as possible! Both self-funded online courses and corporate sponsored courses are open for DATA SCIENCE.   https://explore-datascience.net/long-courses/data-science/2",4/20/2020 18:40,6/19/2020 13:56,2,7,6,1,0,0,0,0,6,6
141,1,?? +90% Employment Rate ?? +R300 000 annual starting salary ?? Future proof and skills employers need urgently  Apply for the sponsored and self-funded courses!,4/15/2020 20:00,6/19/2020 13:58,2,13,9,4,0,0,0,0,9,9
142,1,Looking to get involved in the world of coding and data?   Apply for our flagship data science course! We offer the course as an on campus experience (corporate sponsored or self-funded) or online at your own pace (self-funded).  Explore more info @ https://buff.ly/34hp7Fr,4/14/2020 19:57,4/14/2020 19:57,0,13,13,0,0,0,0,0,13,13
143,1,"Lockdown? No problem! At EXPLORE, our digital platform means that business can continue! We are always ready to solve the immediate and complex problems!   Our vision is to build the largest centralised COVID-19 database in South Africa!",4/9/2020 19:56,4/10/2020 0:39,1,31,21,9,0,1,0,0,21,21
144,1,"Learn to code, build databases and create interactive dashboards. Upskill yourself in the most in demand field of of the 21st century!   Apply for the Data Science July 2020 intake NOW!   https://buff.ly/34hp7Fr",4/7/2020 19:36,6/19/2020 14:03,8,31,27,4,0,0,0,0,27,27
145,1,Technological advances will be used for tracking the COVID-19 virus in South Africa. Do you think that the government’s plan is viable? Or an invasion of the public’s personal data? Comment your thoughts below!,4/1/2020 20:00,4/1/2020 20:00,0,7,7,0,0,0,0,0,7,7
146,1,"Following South African Revenue Service (SARS) ambitions of implementing AI to find people evading tax, the J.S.E Johannesburg STOCK is also interested in AI! They plan on using it to find those who are involved in white collar crimes. Exciting times for South Africa and the field of AI!",3/26/2020 20:01,3/27/2020 8:06,0,19,16,3,0,0,0,0,16,16
147,1,"Don’t know what to do during the lockdown? Why not learn a digital skill on an accessible, online platform! Look out for the opening of applications for our online courses",3/24/2020 20:52,3/24/2020 20:52,0,15,15,0,0,0,0,0,15,15
148,1,Really good initiative utilising AI for aiding in the fight against the COVID-19 virus.  https://m.bizcommunity.com/Article/196/423/201711.html,3/18/2020 20:03,3/18/2020 20:03,0,7,7,0,0,0,0,0,7,7
149,1,"Interview on eNCAnews with our Chief EXPLORER .The focus of the interview was around topics such as the shift towards digital learning platforms, tackling youth employment opportunities and in demand skills.",3/17/2020 20:00,3/17/2020 20:00,0,39,37,2,0,0,0,0,37,37
150,1,"After mastering SQL databases and building an integrated pipeline for scraping Twitter posts, Joburg interns had a day of socialising!",3/12/2020 20:00,3/14/2020 11:11,1,42,30,12,0,0,0,0,30,30
151,1,"Our vision for 2025 is to build the path for youth employment. We've placed over 500 data scientists, trained corporate individuals from over 10 of the top 100 companies in South Africa and opened 3 campuses in just the last 3 years.",3/11/2020 20:05,3/12/2020 10:42,1,17,15,2,0,0,0,0,15,15
152,1,A competition was run to try and advance the research of finding the cure for the COVID19 virus using data science. Data science can be used to solve a wide range of problems!,3/9/2020 20:01,3/9/2020 20:01,0,17,15,2,0,0,0,0,15,15
153,1,"The use of ROBOTICS in labs are not unheard of. They speed up the process of tasks by automation. In the case of the #covid-19 virus, speed is a must! Interesting read about how the use of robotics and AI are speeding up the drug research to hopefully find a cure!",3/5/2020 20:00,3/5/2020 20:00,0,18,16,2,0,0,0,0,16,16
154,1,"Stats SA  released the results for Import & Exports from 2018 to 2019.  Mining outputs (ores and minerals) were the main contributor to the decrease in exports. A positive to the trend was the decrease in imports, specifically in the machinery and equipment trade. This was a result of increased machinery exports, meaning that the manufacturing of machinery and equipment increased. Is South Africa moving to an industrial state and away from mining?",3/3/2020 20:00,3/3/2020 20:00,0,7,7,0,0,0,0,0,7,7
155,1,"Previously, data analytics and data management were scarce skills to find, and still are. Advances in technology and tools to perform these complex models with better access.",3/2/2020 20:00,3/2/2020 20:00,0,11,10,1,0,0,0,0,10,10
156,1,FIRST Meet-Up for the year at the Joburg campus! Guests were treated to new and exciting graphic visualisation techniques! Followed by a lean coffee discussion where participants talk about all things data related.   Look out for the next Meet-up and RSVP!,2/27/2020 20:43,2/27/2020 20:43,0,26,23,3,0,0,0,0,23,23
158,1,Wearable tech generates a lot of data. This can be easy to integrate AI on the go! Interesting piece of tech for your pooch!,2/26/2020 20:00,2/26/2020 20:00,0,9,9,0,0,0,0,0,9,9
159,1,"StatsSA released a publication on motor trade sales over the last year for the Q4 period (October - December). Used cars have increased significantly (4.3%) and holds a weight of 17.5% towards the total motor trade contribution. Compared to used car sales, new car sales have seen a drop in sales (0.1%), with a weight of 24.7% towards motor trade, showing a hesitation in spending. Will this result in used car dealerships increasing the price as demand increases? Will South African new car sales see some more attractive pricing and customer deals?",2/25/2020 20:00,2/25/2020 20:02,0,7,7,0,0,0,0,0,7,7
160,1,"To be ahead of the pack, you won’t just need to be digital, you’ll need to be SMART with your digital skills. Data science and the related fields are scarce, future proof and high in demand.  https://businesstech.co.za/news/technology/375238/these-are-the-it-skills-that-south-african-companies-are-struggling-to-find/",2/20/2020 20:05,2/20/2020 20:39,1,12,11,1,0,0,0,0,11,11
161,1,"Reminder to RSVP for the Meet-Ups happening at the Joburg and Cape Town campuses! Talks include Visualisations (Joburg), AlphaZero (Cape Town) and lastly the African Machine translator (Cape Town, hosted by one of our leading data scientists!). Socialise and meet some of the leaders in the South African data and technology space!   RSVP at: CPT - https://buff.ly/37oD0l9 JHB - https://buff.ly/31UVPLE",2/19/2020 20:00,2/19/2020 20:00,0,1,1,0,0,0,0,0,1,1
162,1,The future of industry will lead to net gain in new job creation. Technology and e-learning will be at the forefront of building the skills for the new revolution of digitalisation.   Look out for the opening of the 2021 cohort Data Science course!   https://www.iol.co.za/business-report/wef/south-africa-needs-renewed-skills-development-and-reskilling-revolution-42155437,2/17/2020 21:32,2/17/2020 21:32,0,18,17,1,0,0,0,0,17,17
163,1,,2/17/2020 8:54,2/17/2020 8:54,0,8,8,0,0,0,0,0,8,8
164,1,EXPLORE in Johannesburg hosted a three day boot-camp for  Machine Learning. The attendees were all from the Actuarial Society of South Africa.,2/14/2020 20:00,2/14/2020 20:00,0,29,29,0,0,0,0,0,29,29
165,1,"EXPLORE will be hosting the first set of #meetups for the year! These will take place at the Cape Town and Johannesburg campuses. Whether you are a data professional, AI enthusiast or just interested, join us!  RSVP and find more details for: > Cape Town - https://buff.ly/37oD0l9 > Johannesburg - https://buff.ly/31UVPLE",2/13/2020 21:07,2/13/2020 22:43,1,10,8,2,0,0,0,0,8,8
166,1,World Economic Forum forecasts a RESKILL revolution. New industries and disruptive operations are on the rise in the #4IR. That also means opportunities for data specialists and digital careers!   https://www.weforum.org/agenda/2020/01/reskilling-revolution-jobs-future-skills?utm_content=114988959&utm_medium=social&utm_source=linkedin&hss_channel=lcp-2527975,2/12/2020 20:00,2/12/2020 20:00,0,17,17,0,0,0,0,0,17,17
167,1,"Sustainable solutions, with maximum societal value unlocked - AI is shaped for humans BY humans. Africa’s foundation for building a technological society is ready for the taking!   https://www.iol.co.za/news/opinion/africa-must-shape-its-own-ai-destiny-42134238",2/10/2020 20:04,2/10/2020 20:04,0,14,12,2,0,0,0,0,12,12
168,1,"Everybody is talking about the impact of AI on our daily lives. Whether it be about automating jobs, self-driving cars or even advanced personal assistants, the sentiment is the same - what will happen to us?   Interesting interview with Rhonda Scharf, describing the impact of AI in our daily lives.   https://www.google.co.za/amp/s/www.forbes.com/sites/rodgerdeanduncan/2020/02/04/what-role-will-does-artificial-intelligence-play-in-your-life/amp/",2/6/2020 20:18,2/6/2020 20:34,0,10,8,2,0,0,0,0,8,8
169,1,Automation is a huge game changer in business operations! Machine learning and data play a huge role in this process. Exciting to see the prospect of more virtual stores!   https://www.google.co.za/amp/s/fortune.com/2020/02/04/artificial-intelligence-7-eleven-mcdonalds/amp/,2/6/2020 7:55,2/6/2020 7:55,0,15,13,2,0,0,0,0,13,13
170,1,"#AI technology being used to predict an outbreak long before the epidemic. In this case, being the coronavirus.   https://www.google.co.za/amp/s/qz.com/1791222/how-artificial-intelligence-provided-early-warning-of-wuhan-virus/amp/",2/4/2020 20:18,2/5/2020 23:14,1,20,16,2,0,2,0,0,16,16
171,1,(SARS) are doing exciting things with Data! Hiring new talent in Big Data and AI is a positive step towards creating a digital economy!   https://www.google.co.za/amp/s/businesstech.co.za/news/technology/370178/new-sars-technology-to-go-after-tax-dodging-south-africans/amp/,2/3/2020 19:13,2/3/2020 19:23,1,47,35,9,0,3,0,0,35,35
172,1,"Durban Campus Celebrating the end of their first week of python! The team was welcomed by the CEO at Ignition Group , marking the beginning to their new data science career. Keep up the good work Durban ???? ??",1/31/2020 19:39,1/31/2020 19:52,0,52,48,4,0,0,0,0,48,48
173,1,Live dashboard on the #coronavirus! Dashboards are an extremely powerful tool used by data scientists to track trends and key performance indicators.   https://gisanddata.maps.arcgis.com/apps/opsdashboard/index.html#/bda7594740fd40299423467b48e9ecf6,1/30/2020 19:22,1/30/2020 19:22,0,10,8,2,0,0,0,0,8,8
174,1,An interesting infographic showing where companies are spending on MACHINE LEARNING. EXPLORE trains its  #datascientists in #machinelearning to explore these fields ! Exciting times in the #4ir and #ai space!  https://cdn.statcdn.com/Infographic/images/normal/17966.jpeg,1/29/2020 20:56,1/29/2020 20:56,0,10,10,0,0,0,0,0,10,10
175,1,"Happy Data Privacy Day! At EXPLORE, we train our data professionals to be data compliant! Data is the gold for any business and can be so easily obtained. Make sure your data privacy is optimised!   Click on https://myaccount.google.com/intro/privacycheckup?hl=en to make check your data privacy!  https://www.iol.co.za/business-report/technology/data-protection-day-is-your-personal-data-safe-41568530",1/28/2020 19:29,1/28/2020 19:29,0,13,12,1,0,0,0,0,12,12
176,1,"StatsSA released its tourism and migration report for 2019. Cape Town has been one of the most popular cities for international tourists, and increasing in popularity. Despite this, there is a reduced number of international arrivals at all airports in South Africa - decrease of 0.4% since last year. Some questions are: Is tourism is declining? Could Business individuals be reducing visits?   EXPLORE ask the questions and try find avenues in the data to build informative insights!   Keep an eye for applications for the next flight of sponsored students and online courses!",1/27/2020 16:59,1/29/2020 16:48,0,17,17,0,0,0,0,0,17,17
177,1,We are still the leading course in South Africa and Africa offering data science certification and training in artificial intelligence. Look out for the next opening of the sponsored and paid courses!   https://www.google.co.za/amp/s/mybroadband.co.za/news/5g/334028-2020-is-the-year-of-5g-ai-and-security.html/amp,1/23/2020 20:04,1/23/2020 21:55,1,32,26,6,0,0,0,0,26,26
178,1,A core value at EXPLORE is the ability to solve problems. We are always looking for them so that we can continue solving.   https://medium.com/@dippnallsc/solve-the-problem-18c8695d54c9,1/22/2020 20:22,1/23/2020 5:08,1,14,12,2,0,0,0,0,12,12
179,1,"PERSONALISED service is becoming extremely more accessible. With DATA, and ARTIFICIAL INTELLIGENCE, you can predict and model tailor made services! EXPLORE trains individuals in MACHINE LEARNING, which is a field of AI!   https://affiliateinsider.com/featured/data-science-affiliate-marketing/",1/21/2020 20:03,1/21/2020 20:03,0,24,20,4,0,0,0,0,20,20
180,1,"The Q4 UNEMPLOYMENT report will come out in February this year. UNEMPLOYMENT has been on the increase and saw its record high jump in the quarter 3 report (Q3) to just over 29%. With over 6.7 million people unemployed and about 15.5M non-economically active people, this puts a strain on the taxpayers and businesses to deliver economic growth.   When EXPLORE Data Science Academy was established, the main problem to solve was unemployment. Not only have we sent out approximately 400 job ready individuals, we are also on course to make that number 1000 by the end of this year.   Head over to https://explore-datascience.net/ to learn more about our courses on offer to INCREASE your job OPPORTUNITIES!",1/20/2020 20:18,1/25/2020 14:03,2,18,18,0,0,0,0,0,18,18
181,1,CAPE TOWN campus kick off in the new open plan office! Good luck to the third cohort of Cape Town!,1/16/2020 21:14,1/16/2020 22:46,2,47,40,7,0,0,0,0,40,40
182,1,"Our brand and our values are our people. EXPLORE does not just provide technical skills for the workplace, but also the social and managerial skills. These are the SKILLS that seal the DEAL! Through our parallel course, The Way of The EXPLORER, we help prepare individuals for the work environment!   https://youtu.be/Ki9fgj-Q3Vg",1/15/2020 19:56,1/16/2020 6:37,1,16,15,1,0,0,0,0,15,15
184,1,"DATA SCIENCE encompasses stats, programming and business skills. Businesses are willing to pay for these skills, especially in the tech space! Look out for the 2021 applications soon to open and the in take for the next online course!   https://l.facebook.com/l.php?u=https%3A%2F%2Fmybroadband.co.za%2Fnews%2Fsoftware%2F333646-south-african-software-developers-big-spending-power.html&h=AT3XxPWVTNXOYLClW7J-n_Bp1CCgTYmYkDdA0ukwrLH-QEaWVLNWaUHBdaPEHa0WBqpRMldGJHx4Xg6dmjz3kssriUTA8TWaTAplqAByI49brLpcQCJZGlHRrbYZGNY&s=1",1/14/2020 20:08,1/17/2020 21:00,1,19,18,1,0,0,0,0,18,18
185,1,EXPLORE Durban Campus kicked of today for the first time! Students from all kinds of backgrounds and places rocketed up and started their journey into DATA SCIENCE at our partner Ignition Group!,1/13/2020 20:10,6/3/2020 14:06,7,54,39,13,0,2,0,0,39,39
186,1,Everybody is talking about AI. One of the most exciting fields of DATA SCIENCE uses AI extensively. EXPLORE implements AI in its courses and gets you ready to learn how to get your programs to think for themselves!   Head over to our website to see more about the courses on offer!  https://www.aithority.com/guest-authors/how-artificial-intelligence-and-blockchain-is-revolutionizing-mobile-industry-in-2020/,1/10/2020 20:00,1/10/2020 20:00,0,14,13,1,0,0,0,0,13,13
187,1,Data Science is not just machine learning and AI. Data Scientists are present at every stage when DATA is needed to solve a business problem. The DATA is the gold!   https://towardsdatascience.com/succeeding-as-a-data-scientist-in-small-companies-startups-92f59e22bd8c,1/9/2020 21:54,1/10/2020 8:15,0,18,17,1,0,0,0,0,17,17
188,1,"For those who have just completed matric, it’s extremely daunting to step into the world as an adult. Youth Unemployment is a huge topic amongst the South African culture. Lack of funding and access to quality education has been a huge problem. EXPLORE offers internships and alternative methods for completing a quality course. We also pride ourselves in the recruitment stage and our relationship with corporate South Africa.   Remember to apply for a course so you keep ahead of the curve!   https://www.google.co.za/amp/s/citybuzz.co.za/107247/upskilling-youth-data-science/amp",1/8/2020 21:30,1/8/2020 21:46,0,23,21,2,0,0,0,0,21,21
189,1,"Well done to the matrics of 2019! Keep EXPLORING!   Apply with your matric at EXPLORE for Data Science to get a foot in the lucrative space of IT and Data! You will learn the soft skills working with real life agile structure, programming mastering, powerful cloud databases, beautiful interactive graphing and artificial intelligence!   https://explore-datascience.net/",1/7/2020 23:41,1/7/2020 23:41,0,11,9,2,0,0,0,0,9,9
190,1,3 DAYS LEFT to apply for the online data science course for 2020! Our flagship course will get you geared up the TRENDIEST and most EXCITING career. Interested in where data is heading? Take a look at the some of the trends for this year then go to our website at :  https://explore-datascience.net/long-courses/data-science  HAPPY 2020!   https://www.google.co.za/amp/s/www.techrepublic.com/google-amp/article/big-data-predictions-8-analytics-trends-in-2020/,1/6/2020 19:49,6/3/2020 14:07,3,18,15,3,0,0,0,0,15,15
191,1,"Think data science is for you? Read the article below and if you’re a match, head over to our page to apply for the long course!   https://explore-datascience.net/  https://analyticsindiamag.com/is-data-science-for-you-this-ibm-data-scientist-tells-how-to-figure-it-out/",12/30/2019 22:20,1/6/2020 13:59,1,16,14,2,0,0,0,0,14,14
192,1,Applications for MACHINE LEARNING are still open for 2020!   Machine Learning is one of the most exciting areas within AI. It is also one of the most in demand skills in the WORLD!   https://explore-datascience.net/,12/27/2019 9:19,6/24/2021 14:31,1,14,13,1,0,0,0,0,13,13
193,1,Applications for the flagship Data Science course are still open for 2020!   https://explore-datascience.net/,12/25/2019 17:05,12/25/2019 17:05,0,15,14,1,0,0,0,0,14,14
194,1,Data Science is definitely the HOTTEST career choice right now! Take a look at the link below and then head over to our site to see how you can make that step towards a career in machine learning and A.I!   https://www.marketwatch.com/story/the-no-1-job-of-2019-pays-140000-and-its-hiring-growth-has-exploded-74-2019-12-10  https://explore-datascience.net/,12/23/2019 21:19,12/23/2019 21:19,0,17,15,2,0,0,0,0,15,15
195,1,"Applications are still open for the 2020 online courses!   Get the best start for YOUR CAREER. Whether it’s upskilling or starting fresh, get some of the most in DEMAND skills from South Africa’s leading Data Sciences Academy!   https://explore-datascience.net/long-courses/data-science",12/20/2019 13:41,12/20/2019 13:41,0,20,19,1,0,0,0,0,19,19
196,1,"EXPLORE is proud to have DataCamp as one of the learning platforms for the 2020 cohort! This means that the students have access to ALL THE MATERIAL on DataCamp.   DataCamp is a platform to learn Data Science through short expert-curated videos, interactive coding sessions tutorials and projects! Python, R, SQL and Shell are all available to learn.   https://www.datacamp.com/",12/17/2019 19:52,6/3/2020 14:08,4,27,25,2,0,0,0,0,25,25
197,1,Artificial Intelligence. Big Data. Machine learning. These are some of the emerging specialties which companies are looking for to move into the future of industries. Data science has seen a 37% increase in hiring growth over the past year!   https://www.google.co.za/amp/s/www.zdnet.com/google-amp/article/data-science-dominates-linkedins-emerging-jobs-ranking/,12/12/2019 20:24,12/20/2019 22:39,2,26,23,3,0,0,0,0,23,23
198,1,EXPLORE has seen the journey of its students and we’re proud to be building the future of this country and potentially the world.  Hear the success from some of graduates!   https://www.youtube.com/watch?v=v8rB2Ea3VHA,12/10/2019 12:04,12/10/2019 12:05,0,30,23,7,0,0,0,0,23,23
199,1,Skills development should be at the core of every company. What better way than to get the BEST data scientists? EXPLORE is excited to take this journey with corporates such as Nedbank African Bank Absa South Africa BCX RMI. We’re ready for Cell C and Ignition in 2020!,12/6/2019 19:51,12/20/2019 22:40,4,38,34,4,0,0,0,0,34,34
200,1,We are excited to announce Cell C as one of the sponsors for the 2020 cohort at EXPLORE Johannesburg! Good luck to all the future EXPLORERS and Cell C!,12/5/2019 19:10,12/7/2019 15:33,3,67,54,13,0,0,0,0,54,54
201,1,"Data is the buzzword for the future jobs of the Fourth Industrial Revolution. Yet, there’s so many titles? Here are a couple of infographics explaining the difference between DATA ENGINEERING, DATA ANALYST and DATA SCIENTIST.   EXPLORE is proud to offer all of these fields as courses tailor made for your lifestyle!",12/4/2019 20:56,12/4/2019 20:58,0,40,34,6,0,0,0,0,34,34
202,1,"EXPLORE students at the Johannesburg campus competed in GKHack2019 at Geekulcha and can you guess who won??? Once again, the EXPLORE team came FIRST! They won a cash prize of R60000 and the title of the best team for geek innovation for 2019! Well done guys ??????",12/3/2019 21:28,12/4/2019 22:32,3,87,68,19,0,0,0,0,68,68
203,1,"Data Scientists are in huge DEMAND! EXPLORE is reaching the end of the 2019 year and we’re confident that the talent produced will not just fill this demand, but thrive!   Head over to https://explore-datascience.net/ to see how you can be part of the 2020 cohort with one of our courses!   https://dataconomy.com/2019/12/demand-for-data-scientists-far-exceeds-supply-heres-how-your-company-can-cope/",12/2/2019 21:01,12/9/2019 14:28,2,26,24,2,0,0,0,0,24,24
204,1,"EXPLORE will be featured on Tech Matters! Catch the team chatting about Big Data and how the course works. If you’ve missed the feature, here is a link:  https://youtu.be/f0cWGL4sWRU",11/30/2019 7:16,11/30/2019 7:16,0,26,24,2,0,0,0,0,24,24
205,1,"Catch us on the Tech Matters segment! If you can’t wait, here is the link:   https://youtu.be/f0cWGL4sWRU",12/1/2019 8:21,12/1/2019 8:21,0,17,15,2,0,0,0,0,15,15
206,1,Congratulations to our EXPLORER Martin who won the Blue Sky Young Researcher award! His research for his MSc was to look at increasing productivity in the forestry industry whilst maintaining a minimal impact on climate change. We are extremely proud of you!   https://www.icfpa.org/three-global-winners-in-blue-sky-young-researchers-and-innovation-awards-announced/,11/28/2019 19:49,11/28/2019 19:49,1,34,24,6,0,4,0,0,24,24
207,1,"We are always asked “What does it take to become a DATA SCIENTIST?” EXPLORE believes in the combination of technical, business and people skills are key to the role. Do you think you have what it takes?   Apply for one of our long or short courses!   Follow this link - https://explore-datascience.net/  Try out the assisted course chooser under “Find the course for you....” to see which course fits your time, location and pocket!   https://www.google.co.za/amp/s/thenewdaily.com.au/sponsored/2019/11/27/big-data-big-deal-what-a-career-in-data-science-really-takes/amp/",11/27/2019 20:17,12/9/2019 14:36,1,24,22,2,0,0,0,0,22,22
208,1,"MASSIVE SECURITY BREACH!!! Data will soon be one of the most valued resources in the world. It has already surpassed oil in its value! That’s why at EXPLORE, we make sure to educate on ethical and safe data practices with accountability at every level!   https://www.internationalinvestment.net/news/4007368/cayman-national-bank-iom-confirms-customer-account-details-stolen-hack",11/26/2019 20:09,11/27/2019 6:35,0,22,19,1,0,2,0,0,19,19
210,1,"Over the weekend, some of EXPLORE’s Joburg students competed in a hackathon at IBM South Africa in conjunction with FinchatBot. They were tasked with creating a chat bot for the insurance business. Out of 11 teams, EXPLORE teams came 1st and 2nd!   Well done team! ??????",11/25/2019 20:28,12/9/2019 14:24,4,97,78,18,0,1,0,0,78,78
211,1,"In the fourth industrial revolution (4IR), it is clear that DATA, AI & ALGORITHMS are it the core of its path to success, as mentioned by the head of 4IR at MICT SETA. EXPLORE teaches all 3 components as well as the personal and technical skills! EXPLORE offers online courses in all data related fields to get YOU into the most exciting field of our time!  Go to https://explore-datascience.net/ and book your place for 2020!  http://www.itwebafrica.com/ict-and-governance/267-south-africa/246711-sas-mict-seta-details-countrys-route-to-4ir",11/20/2019 20:48,11/21/2019 8:51,2,26,22,3,0,1,0,0,22,22
212,1,EXPLORE is gaining a lot of media attention for its exclusivity and pioneering programs! We are the first to offer official data related courses in South Africa!   Get on board for the next cohort with one of our paid for courses! Take it online or on campus of choice.   https://explore-datascience.net/  https://www.iol.co.za/business-report/technology/local-data-science-academy-launches-internationally-37194663,11/19/2019 20:17,12/30/2019 10:28,4,69,55,13,0,1,0,0,55,55
213,1,EDSA is hosting an Introduction to Machine Learning for women at our Joburg Campus. Join us live on YouTube https://www.youtube.com/watch?v=shaKvQS7gas,11/16/2019 9:55,11/16/2019 10:59,1,23,17,6,0,0,0,0,17,17
214,1,EXPLORE is ready for GLOBAL takeoff! Our signature one year internship is now available online which can be done ANYWHERE. A lucrative and exciting data related career could be just around the corner!  https://www.itweb.co.za/content/GxwQDM1APpmMlPVo  Ready to be part of one of the most in demand careers? Click on the link below:   https://explore-datascience.net/,11/14/2019 20:38,11/19/2019 11:14,2,38,32,6,0,0,0,0,32,32
215,1,"Here are the 10 future tech predictions we could possibly see in the future.   The Fourth Industrial Revolution is yet to be defined. Although, data will play a huge role in this era! At EXPLORE, we are poised to be top leaders in the data related fields. Ready to have your opportunity in a data career and define the revolution?   Go to our website to apply for one of our courses: https://explore-datascience.net  https://l.facebook.com/l.php?u=https%3A%2F%2Fmybroadband.co.za%2Fnews%2Ftechnology%2F326655-10-tech-predictions-for-2020-and-beyond.html&h=AT0Xg2lkMpypElyEQUwfxbjfir8gsYZgYdEMs6wFvVGhBBs5T2THqhgCDKIRTn7CV97YrhY2FSOkqTTHUZVpu_-JSGbTjdRAzxer1HCUpvzQLbPkamvnkBSCa32jwk4&s=1",11/13/2019 7:51,11/13/2019 8:02,1,20,18,2,0,0,0,0,18,18
216,1,"Data science is not just a well paying career, but also a hugely diverse field as well. At EXPLORE, we are proud ambassadors for equality in the workspace. Earlier in the year, EXPLORE hosted womxn for coding where a panel discussion was set up to discuss the situation of womxn in the workspace and womxn rights.  On the 16th of November, EXPLORE will host an intro to machine learning event which is hosted by womxn for womxn! You can RSVP or register your interest here:   https://www.eventbrite.com/e/intro-to-machine-learning-4-womxn-by-womxn-registration-75299652287  https://geekdenial.com/2019/11/11/the-data-science-gender-pay-gap-is-shrinking-barely/",11/12/2019 8:10,11/14/2019 15:44,3,23,18,5,0,0,0,0,18,18
217,1,"The Vaal dam supplies water to 33% of the population. As of November the 4th, the dam levels were filled at 46.2% of full capacity; as of November the 11th, the dam is only 44.5% filled - a significant reduction to the previous month. September/October of 2019 also saw a 33% drop in capacity compared to last year during the same months. There was also a record low rainfall during the pre-winter season (October to March) where rainfalls are expected to fill the dams; 485.7mm in 2019 compared to 645.8mm in 2018. This lack of rainfall phenomenon coupled with consumption, has put water supply in question.  Lindiwe Sisulu, Minister of Human Settlement, Water and Sanitation, has reassured that no “water-shedding” will occur. Has the government learnt from the Cape Town water crisis in 2017?  EXPLORE Data Science cohort of 2019 looked at some of the factors influential to Cape Town’s water crisis. SQL, Python and PowerBI dashboards were just some industry leading tools used to do the analysis and create beautiful presentations.  Are you interested in picking up these skills and jumpstarting your career in the lucrative field of Data Science? Head over to https://explore-datascience.net/ to look at our extensive data science course which is available on campus as well as online!   Data referenced from:  https://www.google.co.za/amp/s/www.dailymaverick.co.za/article/2019-10-13-the-vaal-dam-gautengs-major-water-supplier-records-weekly-declines-department-says-its-not-critical-yet/amp/  http://www.randwater.co.za/CorporateResponsibility/WWE/Pages/Damlevel.aspx",11/11/2019 19:46,11/14/2019 15:25,1,29,24,4,0,1,0,0,24,24
218,1,"EXPLORE Data Science in Johannesburg had its first ever careers fair today. Our EXPLORErs are here to build the foundation of the Fourth Industrial Revolution with their Data Science, analytics and artificial intelligence skills. Companies such as Entelect , Sasfin,  Rain, Retro Rabbit, Avon, FinChatBot and Compiax attended and had interviews with prospective candidates!   Interested in jumpstarting a career in data? Head over to https://explore-datascience.net/ to find out how you can take one of our top courses!",11/8/2019 19:16,11/11/2019 19:59,1,48,41,6,0,1,0,0,41,41
219,1,This is a great thought provoking piece about the careers we choose as Data Scientists.,11/7/2019 10:54,11/7/2019 10:54,0,11,10,1,0,0,0,0,10,10
220,1,"At EXPLORE Data Science Academy we are all about making a difference in the world, and giving our students the tools to make an IMPACT. Here is a great example of how Data Science can truly save lives.",11/6/2019 10:54,11/6/2019 20:17,3,19,16,3,0,0,0,0,16,16
221,1,Making sure data science works for your business..,11/5/2019 10:54,11/5/2019 13:40,2,49,43,6,0,0,0,0,43,43
222,1,"Thoughts from our Chief EXPLOREer - Why ""Your Grit, Your Determination"" is one of the tenants we instill at the EXPLORE Data Science Academy.   https://buff.ly/2MT5ooo  #MoneyBackPromise #DataScience #DataEngineering #DataAnalytics #4IR #ExploreDataScienceAcademy #ArtificialIntelligence #MachineLearning #FutureProof #ProblemSolving",11/2/2019 10:54,11/2/2019 10:54,0,19,17,2,0,0,0,0,17,17
223,1,"Is Data Science worth studying? ABSOLUTELY!  At EXPLORE, we offer both fully immersive full time courses, as well as online study.   https://buff.ly/2qR2N5N  #MoneyBackPromise #DataScience #DataEngineering #DataAnalytics #4IR #ExploreDataScienceAcademy #ArtificialIntelligence #MachineLearning #FutureProof #ProblemSolving",11/1/2019 10:54,11/1/2019 12:46,1,18,17,1,0,0,0,0,17,17
224,1,Step One: Take the EXPLORE application quiz. ??  #MoneyBackPromise #DataScience #DataEngineering #DataAnalytics #4IR #ExploreDataScienceAcademy #ArtificialIntelligence #MachineLearning #FutureProof #ProblemSolving,10/31/2019 10:54,10/31/2019 10:54,0,24,24,0,0,0,0,0,24,24
225,1,Expert tips to help kickstart your career in data science ??  https://buff.ly/2NjQPsP  #MoneyBackPromise #DataScience #DataEngineering #DataAnalytics #4IR #ExploreDataScienceAcademy #ArtificialIntelligence #MachineLearning #FutureProof #ProblemSolving,10/30/2019 10:54,10/30/2019 10:54,0,23,22,1,0,0,0,0,22,22
226,1,Does your company run competitions and are they leveraging them correctly? The answer of course lies with the help of with data science...  #MoneyBackPromise #DataScience #DataEngineering #DataAnalytics #4IR #ExploreDataScienceAcademy #ArtificialIntelligence #MachineLearning #FutureProof #ProblemSolving,10/29/2019 10:54,11/1/2019 17:06,1,9,9,0,0,0,0,0,9,9
227,1,"""The key to consistently value-adding data science is to understand and define the specific problem your business needs solved and then put the appropriate data science specialist, with the relevant technical and ‘soft’ skills to work on solving that problem""",10/28/2019 12:26,10/28/2019 12:26,0,26,24,2,0,0,0,0,24,24
228,1,Should schools be evolving their Math syllabus to keep up with the 4th Industrial Revolution?     #MoneyBackPromise #DataScience #DataEngineering #DataAnalytics #4IR #ExploreDataScienceAcademy #ArtificialIntelligence #MachineLearning #FutureProof #ProblemSolving,10/23/2019 16:13,10/23/2019 22:36,3,51,43,7,0,1,0,0,43,43
229,1,Data science has infinite applications. Welcome to the data science generation.   #datascience #futureproofyourself #jointherevolution #4IR #analytics #problemsolving #exploredatascienceacademy,10/22/2019 15:19,10/22/2019 16:15,0,33,26,7,0,0,0,0,26,26
230,1,How EXPLORE DATA SCIENCE ACADEMY is reinventing tertiary education ????  Thank you Daily Maverick for the feature!  https://www.dailymaverick.co.za/article/2019-10-16-reinventing-tertiary-education/,10/18/2019 14:13,10/18/2019 14:13,0,24,24,0,0,0,0,0,24,24
231,1,"Data Science Isn’t Rocket Science - So Get Learning. Apply for one of EXPLORE's flagship courses, or even study online with us. Join our Rocketship today. ??",10/18/2019 9:54,10/19/2019 6:26,2,16,16,0,0,0,0,0,16,16
232,1,Are you considering a career in Data Science and Machine Learning? Have you been wondering what the differences are between all the terms that are commonly used?  https://buff.ly/30rU32a  #MoneyBackPromise #DataScience #DataEngineering #DataAnalytics #4IR #ExploreDataScienceAcademy #ArtificialIntelligence #MachineLearning #FutureProof #ProblemSolving,10/17/2019 9:54,10/17/2019 9:54,0,20,19,1,0,0,0,0,19,19
233,1,Our Chief EXPLORER Shaun Dippnall was interviewed by PUK FM about our Data Science Courses and our MONEY BACK PROMISE! Take a listen ???? https://buff.ly/2ML1Jrn  #MoneyBackPromise #DataScience #DataEngineering #DataAnalytics #4IR #ExploreDataScienceAcademy #ArtificialIntelligence #MachineLearning #FutureProof #ProblemSolving,10/16/2019 17:12,10/27/2019 19:21,2,813,780,24,1,8,0,0,780,780
234,1,The future of artificial intelligence depends on designing computers that can think and explore as resourcefully as babies do.  https://buff.ly/33pljQJ  #MoneyBackPromise #DataScience #DataEngineering #DataAnalytics #4IR #ExploreDataScienceAcademy #ArtificialIntelligence #MachineLearning #FutureProof #ProblemSolving,10/16/2019 9:34,10/16/2019 9:34,0,22,22,0,0,0,0,0,22,22
236,1,"Whether you are an individual looking to change the world, or a business looking to make an impact; these are a few reasons to join the EXPLORE rocket ship.   #MoneyBackPromise #DataScience #DataEngineering #DataAnalytics #4IR #ExploreDataScienceAcademy #ArtificialIntelligence #MachineLearning #FutureProof #ProblemSolving #SponsoredLearnerships #MakeaDifference",10/15/2019 9:54,10/15/2019 9:54,0,37,30,7,0,0,0,0,30,30
237,1,https://www.itnewsafrica.com/2019/10/interview-shaun-dippnall-explore-data-science-academy/  #MoneyBackPromise #DataScience #DataEngineering #DataAnalytics #4IR #ExploreDataScienceAcademy #ArtificialIntelligence #MachineLearning #FutureProof #ProblemSolving,10/14/2019 13:45,10/14/2019 13:45,0,19,15,4,0,0,0,0,15,15
238,1,Have some fun with AI - Ask Story AI to complete your ideas and tell us what he said in the comments below.   #ArtificialIntelligence #MoneyBackPromise #DataScience #AI #DataEngineering #DataAnalytics #4IR #ExploreDataScienceAcademy  #MachineLearning #FutureProof #ProblemSolving  https://storyai.botsociety.io/,10/11/2019 15:20,10/11/2019 15:30,1,14,14,0,0,0,0,0,14,14
239,1,Data Science and it's possibilities in a nutshell.   #futureproofyourself #datascience #machinelearning #4IR #exploredatascienceacademy,10/10/2019 19:50,10/11/2019 6:35,1,67,53,12,0,2,0,0,53,53
240,1,EXPLORE Data Science Academy will give you your money back if you don't find work after graduation.  #MoneyBackPromise #DataScience #DataEngineering #DataAnalytics #4IR #ExploreDataScienceAcademy #ArtificialIntelligence #MachineLearning #FutureProof #ProblemSolving,10/9/2019 17:12,10/23/2019 14:33,2,19,17,2,0,0,0,0,17,17
241,1,"If you missed the EXPLORE Data Science segment on SABC Network on Sunday, here is the clip (10:53 / 24:20 min)  #MoneyBackPromise #DataScience #DataEngineering #DataAnalytics #4IR #ExploreDataScienceAcademy #ArtificialIntelligence #MachineLearning #FutureProof #ProblemSolving",10/8/2019 17:12,10/8/2019 17:12,0,19,17,2,0,0,0,0,17,17
242,1,Our Money Back Promise is completely unique in the market!   #MoneyBackPromise #DataScience #DataEngineering #DataAnalytics #4IR #ExploreDataScienceAcademy #ArtificialIntelligence #MachineLearning #FutureProof #ProblemSolving,10/8/2019 12:26,10/8/2019 12:26,0,27,24,3,0,0,0,0,24,24
243,1,The Google juggernaut steams ahead. What are your thoughts on AI? Let us know in the comments below.   #AI #DataScience #DataEngineering #DataAnalytics #4IR #ExploreDataScienceAcademy #ArtificialIntelligence #MachineLearning #FutureProof #ProblemSolving #MoneyBackPromise   https://venturebeat.com/2019/09/26/google-ais-albert-claims-top-spot-in-multiple-nlp-performance-benchmarks/,10/8/2019 10:00,10/10/2019 3:32,1,14,12,1,0,1,0,0,12,12
244,1,Is AI development only for the tech elite? Share your thoughts with us in the comments below.   https://www.nytimes.com/2019/09/26/technology/ai-computer-expense.html   #DataScience #DataEngineering #DataAnalytics #4IR #ExploreDataScienceAcademy #ArtificialIntelligence #MachineLearning #FutureProof #ProblemSolving,10/7/2019 16:04,10/7/2019 16:04,0,9,9,0,0,0,0,0,9,9
245,1,Does your company invest in reskilling employees?   #DataScience #DataEngineering #DataAnalytics #4IR #ExploreDataScienceAcademy #ArtificialIntelligence #MachineLearning #FutureProof #ProblemSolving,10/7/2019 10:08,10/7/2019 10:21,0,9,9,0,0,0,0,0,9,9
246,1,Tune in to Network on SABC tonight at 8:30 (DSTV channel 404) to hear our very own Mark Schroeder talk about The EXPLORE Data Science Academy. ??  #exploredatascienceacademy #datascience #machinelearning #ai #futureproofyourself #4idr,10/6/2019 17:11,10/6/2019 18:06,3,36,32,4,0,0,0,0,32,32
247,1,"Everything you see around you is a solution to some sort of problem. We are pioneers of the future. We teach people how to do amazing things in this world. EXPLORE Data Science Academy - Amazing People, Amazing Things  #ExploreDataScienceAcademy #DataScience #AmazingPeopleAmazingThings #JoinTheRevolution",10/4/2019 17:56,10/6/2019 2:08,2,39,35,4,0,0,0,0,35,35
248,1,"So you've heard that data science is the hottest career choice at the moment, but you're not sure what that means for you? These are some of the options and avenues you could EXPLORE.  #datascience #futureproofyourself #jointherevolution  http://www.kake.com/story/41123252/starting-a-career-in-data-science-what-are-your-options",10/3/2019 20:03,11/25/2019 14:33,3,21,20,1,0,0,0,0,20,20
249,1,https://www.skillsportal.co.za/content/get-career-data-science-or-your-money-back,9/30/2019 21:16,10/1/2019 6:43,1,21,20,0,0,1,0,0,20,20
250,1,How can analytics academies like EXPLORE Data Science Academy help your business scale AI transformations?,9/30/2019 10:58,10/1/2019 7:21,1,16,16,0,0,0,0,0,16,16
251,1,"""If you give me 100 skilled data engineers, machine learning guys and IT professionals I would take them tomorrow.” #ExploreDataScienceAcademy #FutureproofYourself #AmazingPeopleAmazingThings",9/27/2019 20:06,9/28/2019 7:07,4,38,33,4,0,1,0,0,33,33
252,1,,9/26/2019 16:27,9/26/2019 16:27,0,56,51,4,0,1,0,0,51,51
253,1,"With the multitude of people being impacted, we need to ensure the AI we create is inclusive and fairly representative. Join us on 27 Sept for a talk and discussion session speaking on the current issues and potential solutions to increase diversity in AI lead by Renee Cummings, criminologist and AI influencer, and Regina Huber, transformational leadership specialist. RSVP at the link: https://www.meetup.com/ArtificialIntelligenceZA/events/264808828/ #aiethics #datascience",9/19/2019 11:44,9/19/2019 11:44,0,6,6,0,0,0,0,0,6,6
254,1,Fintech entrepreneurs with a passion for data science are invited to apply for a year-long programme aimed at honing their ideas and skills. #FinTech #DataScience #Entrepreneur,9/16/2019 10:06,9/16/2019 10:48,1,12,11,1,0,0,0,0,11,11
255,1,"Up next at our Meetup was Jade Abbott from Retro Rabbit, giving a talk on machine translation for African languages. This is research done in collaboration with one Explore's data scientist. She inspired us to get more involved in the research community and not to be shy to publish our work. Jade provided pointers on how to improve our models for low resource languages. Let's put Africa on the NMT map! Train an NMT model for your own language data. https://github.com/jaderabbit/masakhane #nlproc #machinelearning #languages",9/11/2019 8:56,9/11/2019 8:56,0,21,19,2,0,0,0,0,19,19
256,1,"Last night we had an event at our Joburg campus. First up at our Meetup was our very own data scientist, Jonathan Gerrand, with his talk: Medical Imaging within Africa: A prescription for promise or a poor prognosis? He explained to us how to look at chest radiographs, showing how complicated reading medical images is. Thanks Jonathan for such an amazing talk! We had a lot of fun and learnt a lot! What a roller-coaster of a talk :) #machinelearning #ml4health #medicalimaging",9/11/2019 8:52,9/11/2019 8:52,0,43,36,7,0,0,0,0,36,36
257,1,"Hey Data Scientists! Explore will be having another MeetUp at the JHB campus on Sept 10. Fantastic talks will be given Jade Abbott  and Raesetje Sefala.  If you're interested, please book a spot https://meetup.com/Explore-AI-JHB-Meetup-Group/events/264155749/ #DataScience #Johannesburg #MeetUp",8/21/2019 9:21,8/25/2019 21:42,1,18,18,0,0,0,0,0,18,18
258,1,Data science importance grows as data becomes an optimisation tool #datascience #southafrica https://www.engineeringnews.co.za/article/data-science-importance-grows-as-data-becomes-optimisation-tool-2019-08-09/rep_id:4136,8/20/2019 12:52,8/20/2019 12:52,0,14,12,2,0,0,0,0,12,12
259,1,Our students will be having an event on 30 Aug for #WomensMonth. The event will be around learning about #datascience and also starting a conversation on why young women are hesitant to enter into careers in tech. If you would like to attend please RSVP at https://forms.gle/ZHnkoGbx1stYXiwu8,8/20/2019 12:07,8/20/2019 15:31,1,21,17,4,0,0,0,0,17,17
260,1,,8/8/2019 11:40,8/8/2019 11:40,0,22,22,0,0,0,0,0,22,22
262,1,"Applications for our 1-year Data Science program are open! Visit our website https://www.explore-datascience.net to apply! We have campuses in #CapeTown and #Joburg. The Academy is perfect for those passionate about a career in #DataScience, #MachineLearning and problem-solving in #SouthAfrica",8/8/2019 11:38,10/24/2019 16:40,7,27,22,5,0,0,0,0,22,22
263,1,The last couple of weeks our students have been learning about unsupervised learning techniques and applying their minds to Johannesburg traffic data. Here they are sharing their insights. Such great work! #machinelearning #datascience #jhbtraffic #southafrica,8/8/2019 11:32,8/8/2019 11:32,0,53,44,9,0,0,0,0,44,44
264,1,"Benjamin Rosman teaching us about #ReinforcementLearning  ""Sometimes you want to explore - this place is pretty good at that - and sometimes you want to exploit""  ""You always have a small probability of trying new things - and that's learning"" #MachineLearning #DataScience",7/23/2019 19:49,7/23/2019 20:05,0,32,27,5,0,0,0,0,27,27
265,1,"""It's not going to do what you want it to do, it's going to do what you told it to do"" Learning how to make decisions in an uncertain world with Benjamin Rosman at our JHB campus. #ReinforcementLearning #MachineLearning #Johannesburg",7/23/2019 19:37,7/23/2019 19:37,0,45,42,3,0,0,0,0,42,42
266,1,"""What happens when an algorithm cuts your healthcare?"" Pelonomi Moiloa  giving a terrific talk on the ethics and bias within data science at our JHB campus. #DataScience #MachineLearning #ethics #Johannesburg",7/23/2019 18:36,2/26/2020 22:14,2,57,50,7,0,0,0,0,50,50
267,1,Did you hear? Explore Data Science Academy will be holding their first event on July 23rd at the JHB Campus. Fantastic talks will be given by Benji Rosman and Pelonomi Moiloa on making decisions in an uncertain world and the ethics and bias within data science. Seats are limited! Please book at the link: https://forms.gle/TGgMr91H3sfSN56X7,7/16/2019 9:37,7/19/2019 13:32,2,19,17,2,0,0,0,0,17,17
268,1,Explore students attending the #AWSSummit in #CapeTown. One student is on the leaderboard for his #MachineLearning model driving the AWS DeepRacer!,7/11/2019 17:00,7/17/2019 10:26,1,67,55,12,0,0,0,0,55,55
269,1,"Next stop, Durban!  https://www.itweb.co.za/content/Olx4zMkgYm1M56km?utm_source=enews&utm_medium=email #datascience #education #southafrica #durban #machinelearning",7/11/2019 15:35,9/5/2019 13:52,4,79,63,14,0,2,0,0,63,63
270,1,Explore Data Science Academy offers 500 free data science learnerships for 2020! https://bizcom.to/1/44x2 via Bizcommunity.com #datascience #education #southafrica,7/11/2019 15:33,7/11/2019 15:33,0,47,42,4,0,1,0,0,42,42
271,1,https://www.itnewsafrica.com/2019/07/explore-data-science-academy-increases-free-data-science-learnerships/,7/9/2019 20:51,7/9/2019 20:51,0,15,15,0,0,0,0,0,15,15
272,1,Local demand for skills drives increase in learnerships https://www.skillsportal.co.za/content/local-demand-skills-drives-increase-learnerships#.XSRO4kv1VLU.twitter via Skills Portal #datascience #southafrica #education,7/9/2019 10:25,7/9/2019 10:25,0,20,18,2,0,0,0,0,18,18
273,1,#education #datascience #southafrica,7/9/2019 10:22,7/13/2019 8:20,2,43,37,6,0,0,0,0,37,37
274,1,"Applications for our 1 year Data Science program are open! Visit our website https://www.explore-datascience.net to apply! We have campuses in #CapeTown and #Joburg. The Academy is perfect for those passionate about a career in #DataScience, #MachineLearning and problem solving #SouthAfrica",7/8/2019 14:50,7/14/2019 15:20,2,36,36,0,0,0,0,0,36,36
275,1,Roughly 160 of our students are working on the Zindi.Africa Xente Fraud Detection Challenge today! Its a tough challenge! #hackathon #machinelearning #forensicdata #southafrica,7/2/2019 16:34,11/16/2019 18:38,1,74,65,6,0,2,1,0,65,65
276,1,Students across our Joburg and Cape Town campuses giving presentations today about Classification and the many uses of it. Such great talks! #DataScience #MachineLearning #CapeTown #Johannesburg,7/1/2019 14:57,7/2/2019 11:51,2,53,41,12,0,0,0,0,41,41
277,1,One of our students has been dubbed number 1 scientist in the world for the work he did for his Masters degree! Such incredible work! Well done Martin!  https://briefly.co.za/29958-south-african-student-dubbed-number-1-scientist-world.html,6/20/2019 17:44,6/20/2019 19:27,5,114,94,17,1,2,0,0,94,94
278,1,UK’s largest water utility Thames Water gains strategic analytics from SA firm Explore http://disq.us/t/3fsh0s3,6/18/2019 16:26,6/18/2019 16:26,0,21,18,3,0,0,0,0,18,18
279,1,Check out this article about our FinTech students! https://ventureburn.com/2019/06/twenty-startups-explore-pitch-for-alphacode-incubate/?utm_campaign=shareaholic&utm_medium=twitter&utm_source=socialnetwork,6/18/2019 16:24,6/18/2019 16:24,0,44,38,5,0,1,0,0,38,38
280,1,Palesa Moloi is combining her CA qualification with her passion for technology to take a startup parking app ParkUpp to a global audience.  https://www.investec.com/en_za/welcome-to-investec/women-on-the-rise/palesa-moloi.html,6/11/2019 12:39,6/11/2019 13:23,1,69,61,7,0,1,0,0,61,61
281,1,All our students hard at work on Kaggle predicting prices of Cape Town House Prices. 143 people up on the leaderboard with 1781 submissions! These guys sure do work hard! #datascience #machinelearning #southafrica,6/4/2019 10:21,6/4/2019 17:24,3,68,63,5,0,0,0,0,63,63
282,1,Congrats to Palesa from our FinTech incubator! She's the cofounder of ParkUpp an online platform where landlords with idle parking spaces can make extra cash by listing their parkings for people to use. ParkUpp landed a big client today! Go team! Check out their website https://parkupp.co.za/,5/16/2019 16:28,5/16/2019 17:43,2,101,85,16,0,0,0,0,85,85
283,1,Another day of Data Science Bootcamp at African Bank today! They are investing in their future. Get involved now and turbo charge your company's data skills https://www.explore-datascience.net/corporate,5/13/2019 10:48,5/13/2019 11:08,0,23,23,0,0,0,0,0,23,23
284,1,"Running Data Science bootcamps at African Bank today! Our bootcamps turbo-boost your analyst community onto the latest Data Science tools, techniques and platforms. #DataScience #MachineLearning #SouthAfrica",4/29/2019 13:50,5/2/2019 14:17,2,48,47,1,0,0,0,0,47,47
285,1,Another day of presentations regarding the data analytics done on the Cape Town water crisis. Looks like the ladies are representing today! Go Team! #WomenInSTEM #datascience #explore #watercrisis,4/18/2019 10:51,4/18/2019 10:51,0,47,43,4,0,0,0,0,43,43
286,1,EDSA students presenting their findings on the Cape Town Water Crisis today. Great insights coming out of today. Go Team! #datascience #explore #watercrisis,4/17/2019 14:27,4/18/2019 7:05,2,48,41,7,0,0,0,0,41,41
288,1,"Explore, a joint initiative by the Explore Data Science Academy and start-up incubation vehicle AlphaCode, has selected 20 candidates to participate in its 12-month data science and business skills programme.  https://www.itweb.co.za/content/xA9POvNYlGBqo4J8",3/18/2019 7:31,4/4/2019 7:53,3,19,17,2,0,0,0,0,17,17
289,1,https://hbr.org/2019/03/why-data-science-teams-need-generalists-not-specialists,3/15/2019 10:16,3/15/2019 10:16,0,13,13,0,0,0,0,0,13,13
290,1,"“Aim for simplicity in Data Science. Real creativity won’t make things more complex. Instead, it will simplify them.”   https://towardsdatascience.com/machine-learning-intuition-for-beginners-ba07a640d928",3/14/2019 7:34,3/14/2019 7:34,0,11,11,0,0,0,0,0,11,11
291,1,"Twenty South African fintech entrepreneurs have been selected to take part in the EXPLORE initiative, which aims to plug the gap in the dearth of data science skills and to boost top fintech ideas into viable business models.  http://disrupt-africa.com/2019/03/20-sa-fintech-entrepreneurs-selected-for-data-science-programme/",3/12/2019 8:26,3/12/2019 8:26,0,20,19,1,0,0,0,0,19,19
292,1,EXPLORE AI is partnering with the biggest water distribution utility in the UK.   We very proud to to be helping Thames water deliver safe and reliable drinking water to over 40million customers in the UK.    https://www.thesourcemagazine.org/interview-john-beaumont-chief-digital-officer-at-thames-water/,3/11/2019 19:04,3/11/2019 19:05,0,34,32,2,0,0,0,0,32,32
293,1,"Are you a smart 14 - 18 year old?   3 days until our Data Science for High School Course launches!   The course is entirely online, free and the first of its kind. With only 30 min a day over a 3 month period you could learn about complex algorithms , programming and machine learning.   Don't miss out! Follow this link to register https://explore-datascience.net/online-detail?id=1",2/8/2019 20:01,2/17/2019 7:13,4,82,76,6,0,0,0,0,76,76
294,1,"Next Monday the 11th of Feb, our Data Science for High School course launches for the first time! Follow the link below for more info and registration. The course is entirely online!  https://explore-datascience.net/online-detail?id=1",2/4/2019 12:17,2/4/2019 12:17,0,17,15,2,0,0,0,0,15,15
295,1,"Our highly anticipated Data Science for High School course launches 11 Feb! Check out this teaser clip, or follow the link below for more details and registration. We look forward to having you in the course.  Details and registration: https://bit.ly/2GaTpj9",1/30/2019 12:27,1/30/2019 12:27,0,18,16,2,0,0,0,0,16,16
296,1,EXPLORE is launching its Data Science for High School course during February 2019! A first of its kind in South Africa! As an academy we are concerned that vital skills for the future are not being thought at high schools.More information is provided in the video below.  TO APPLY for 2019 go to the following link. https://www.explore-datascience.net/online-detail?id=1,1/17/2019 14:36,3/28/2019 17:31,3,56,54,2,0,0,0,0,54,54
297,1,EXPLORE is launching its Data Science for High School course during February 2019! A first of its kind in South Africa! More information is provided in the video below.   https://www.youtube.com/watch?v=5rhh0Njah7g&feature=youtu.be&app=desktop,1/16/2019 12:26,1/16/2019 12:26,0,25,24,0,0,1,0,0,24,24
298,1,"Explore has recently launched its Data Science for High School course. Targeting 14 -18 year olds in South Africa, we believe its the first course of its kind.   Below is a link to our CEOs interview with DJ fresh this morning explaining why we need this course in South Africa  https://soundcloud.com/andrew-davis-821519089/audio-2019-01-15-09-13-04-1m4a",1/15/2019 19:16,1/15/2019 19:18,0,38,37,1,0,0,0,0,37,37
299,1,"An Awesome Demonstration!  None of the images in the video are real images all images were generated by a Generative Adversarial Network, A class of artificial intelligence algorithms.   https://www.youtube.com/watch?v=kSLJriaOumA&feature=youtu.be",1/14/2019 8:17,1/14/2019 20:54,0,13,13,0,0,0,0,0,13,13
300,1,https://blog.github.com/changelog/2019-01-08-pricing-changes/,1/11/2019 10:06,1/11/2019 10:06,0,9,9,0,0,0,0,0,9,9
301,1,"As an academy we are concerned that vital skills for the future are not being thought at high schools.  Our new data science course for high school learners aims teach programming, problem solving and complex algorithm design to better prepare learners for the 4th industrial revolution.   Applications and more information can be found in the link below.  https://explore-datascience.net/online-detail?id=1  https://www.htxt.co.za/2019/01/09/edsa-launches-sas-first-online-data-science-course-for-high-school-learners",1/10/2019 8:38,1/10/2019 10:14,0,48,48,0,0,0,0,0,48,48
302,1,"According to the StackOverflow survey of 2018, Python is the most popular programming language in the world and is also known as the most suitable language for data science tools and applications.  At Explore we teach Python across the range of courses we offer.   https://irishtechnews.ie/how-python-is-used-in-data-science/",1/9/2019 10:33,1/9/2019 10:33,0,22,21,1,0,0,0,0,21,21
303,1,How you take a problem and create a data driven approach to tackle such problem is one of the skills we teach in our data science and data analytics courses.   Heres an interesting data driven approach to determining who was the most famous person to die in 2018.   https://www.huffingtonpost.com/entry/most-famous-celebrity-death-2018_us_5c26634ee4b08aaf7a903312,1/8/2019 7:46,1/8/2019 7:46,0,12,12,0,0,0,0,0,12,12
304,1,A little bit of fun to light up your Monday!  https://sports.yahoo.com/data-science-reveals-main-character-friends-083533006.html?guccounter=1,1/7/2019 15:48,1/7/2019 15:48,0,16,16,0,0,0,0,0,16,16
305,1,"Reinforcement learning will be a huge thing in Data science in 2019. While RL has been around for quite a while in the scholarly world, it has barely observed any industry adoption whatsoever.  https://www.analyticsinsight.net/new-trend-of-data-science-reinforcement-learning/",1/5/2019 18:14,1/5/2019 18:14,0,28,26,2,0,0,0,0,26,26
